CREATE DATABASE  IF NOT EXISTS `ganaconlg` /*!40100 DEFAULT CHARACTER SET latin1 */;
USE `ganaconlg`;
-- MySQL dump 10.13  Distrib 5.6.17, for Win32 (x86)
--
-- Host: ganaconlg.db.6517675.hostedresource.com    Database: ganaconlg
-- ------------------------------------------------------
-- Server version	5.5.37-35.0-log

/*!40101 SET @OLD_CHARACTER_SET_CLIENT=@@CHARACTER_SET_CLIENT */;
/*!40101 SET @OLD_CHARACTER_SET_RESULTS=@@CHARACTER_SET_RESULTS */;
/*!40101 SET @OLD_COLLATION_CONNECTION=@@COLLATION_CONNECTION */;
/*!40101 SET NAMES utf8 */;
/*!40103 SET @OLD_TIME_ZONE=@@TIME_ZONE */;
/*!40103 SET TIME_ZONE='+00:00' */;
/*!40014 SET @OLD_UNIQUE_CHECKS=@@UNIQUE_CHECKS, UNIQUE_CHECKS=0 */;
/*!40014 SET @OLD_FOREIGN_KEY_CHECKS=@@FOREIGN_KEY_CHECKS, FOREIGN_KEY_CHECKS=0 */;
/*!40101 SET @OLD_SQL_MODE=@@SQL_MODE, SQL_MODE='NO_AUTO_VALUE_ON_ZERO' */;
/*!40111 SET @OLD_SQL_NOTES=@@SQL_NOTES, SQL_NOTES=0 */;

--
-- Table structure for table `ci_sessions`
--

DROP TABLE IF EXISTS `ci_sessions`;
/*!40101 SET @saved_cs_client     = @@character_set_client */;
/*!40101 SET character_set_client = utf8 */;
CREATE TABLE `ci_sessions` (
  `session_id` varchar(40) NOT NULL DEFAULT '0',
  `ip_address` varchar(45) NOT NULL DEFAULT '0',
  `user_agent` varchar(120) NOT NULL,
  `last_activity` int(10) unsigned NOT NULL DEFAULT '0',
  `user_data` text NOT NULL,
  PRIMARY KEY (`session_id`),
  KEY `last_activity_idx` (`last_activity`)
) ENGINE=MyISAM DEFAULT CHARSET=utf8;
/*!40101 SET character_set_client = @saved_cs_client */;

--
-- Dumping data for table `ci_sessions`
--

LOCK TABLES `ci_sessions` WRITE;
/*!40000 ALTER TABLE `ci_sessions` DISABLE KEYS */;
INSERT INTO `ci_sessions` VALUES ('a6af0f7ee7c05cd247acd01fc82dc2fc','200.13.243.186','Mozilla/5.0 (Windows NT 6.1; WOW64) AppleWebKit/537.36 (KHTML, like Gecko) Chrome/37.0.2062.124 Safari/537.36',1413823484,'a:6:{s:9:\"user_data\";s:0:\"\";s:3:\"nid\";s:8:\"71609960\";s:5:\"email\";s:17:\"loparte@gmail.com\";s:15:\"loggedin_public\";b:1;s:8:\"new_user\";b:1;s:14:\"priority_email\";s:17:\"loparte@gmail.com\";}'),('1f0bd933772d10318621fdefd390e836','186.84.129.202','Mozilla/5.0 (Macintosh; Intel Mac OS X 10_8_5) AppleWebKit/537.71 (KHTML, like Gecko) Version/6.1 Safari/537.71',1413818395,'a:6:{s:9:\"user_data\";s:0:\"\";s:3:\"nid\";s:8:\"12124516\";s:5:\"email\";s:21:\"texas_889@hotmail.com\";s:15:\"loggedin_public\";b:1;s:8:\"new_user\";b:1;s:14:\"priority_email\";s:21:\"texas_889@hotmail.com\";}'),('1aac7cf7d56b7fe77d2b063d4de40ae7','190.84.68.71','Mozilla/5.0 (Windows NT 6.1) AppleWebKit/537.36 (KHTML, like Gecko) Chrome/37.0.2062.124 Safari/537.36',1413772103,'a:6:{s:9:\"user_data\";s:0:\"\";s:3:\"nid\";s:8:\"39723544\";s:5:\"email\";s:16:\"cysanch@yahoo.es\";s:15:\"loggedin_public\";b:1;s:8:\"new_user\";b:1;s:14:\"priority_email\";s:16:\"cysanch@yahoo.es\";}'),('c2c7b19f16a4986ff0ad60306fff83a4','190.96.157.104','Mozilla/5.0 (Windows NT 6.2; Win64; x64) AppleWebKit/537.36 (KHTML, like Gecko) Chrome/38.0.2125.104 Safari/537.36',1413815149,'a:6:{s:9:\"user_data\";s:0:\"\";s:3:\"nid\";s:10:\"3116950745\";s:5:\"email\";s:20:\"oaah0216@hotmail.com\";s:15:\"loggedin_public\";b:1;s:8:\"new_user\";b:1;s:14:\"priority_email\";s:20:\"oaah0216@hotmail.com\";}'),('6d22c666e70ada0ac23b63d1c0953c71','190.96.157.104','Mozilla/5.0 (Windows NT 5.1) AppleWebKit/537.36 (KHTML, like Gecko) Chrome/38.0.2125.104 Safari/537.36',1413819546,'a:6:{s:9:\"user_data\";s:0:\"\";s:3:\"nid\";s:8:\"13516728\";s:5:\"email\";s:20:\"oaah0216@hotmail.com\";s:15:\"loggedin_public\";b:1;s:8:\"new_user\";b:1;s:14:\"priority_email\";s:20:\"oaah0216@hotmail.com\";}'),('868cd6f438f6941c3650bbc5a858252c','181.58.25.73','Mozilla/5.0 (compatible; MSIE 10.0; Windows NT 6.2; WOW64; Trident/6.0; MALNJS)',1413823279,'a:6:{s:9:\"user_data\";s:0:\"\";s:3:\"nid\";s:8:\"10768522\";s:5:\"email\";s:26:\"carlosrivero81@hotmail.com\";s:15:\"loggedin_public\";b:1;s:8:\"new_user\";b:1;s:14:\"priority_email\";s:26:\"carlosrivero81@hotmail.com\";}'),('9b9593c0794573bab5bb1683701c432c','181.58.25.73','Mozilla/5.0 (compatible; MSIE 10.0; Windows NT 6.2; Win64; x64; Trident/6.0; MALNJS)',1413823281,''),('4239e0c3e3a1e8b14895f105c9c5767a','200.13.243.186','Mozilla/5.0 (Windows NT 6.1; WOW64) AppleWebKit/537.36 (KHTML, like Gecko) Chrome/37.0.2062.124 Safari/537.36',1413824651,'a:15:{s:9:\"user_data\";s:0:\"\";s:3:\"nid\";s:8:\"71609960\";s:5:\"email\";s:17:\"loparte@gmail.com\";s:15:\"loggedin_public\";b:1;s:8:\"new_user\";b:0;s:14:\"priority_email\";s:17:\"loparte@gmail.com\";s:4:\"name\";s:15:\"Guillermo Leon \";s:8:\"lastname\";s:13:\"Lopez Arteaga\";s:9:\"cellphone\";s:10:\"3185479978\";s:10:\"last_login\";s:19:\"2014-10-20 10:10:02\";s:13:\"nid_img_front\";s:14:\"cc_frontal.jpg\";s:12:\"nid_img_back\";s:12:\"cc_atras.jpg\";s:2:\"id\";s:2:\"97\";s:10:\"created_at\";s:19:\"2014-10-20 10:00:56\";s:8:\"verified\";s:2:\"si\";}'),('dcb9fbf8e85411f6b99e96bc7ad771c7','201.234.247.226','Mozilla/5.0 (Windows NT 6.1; WOW64) AppleWebKit/537.36 (KHTML, like Gecko) Chrome/37.0.2062.124 Safari/537.36',1413824811,'a:4:{s:9:\"user_data\";s:0:\"\";s:7:\"user_id\";s:1:\"1\";s:8:\"username\";s:2:\"LG\";s:9:\"logged_in\";b:1;}'),('56e247f8b0ece771aa3e8eefdad4dd7c','186.114.22.107','Mozilla/5.0 (Windows NT 5.1; rv:32.0) Gecko/20100101 Firefox/32.0',1413826187,'a:15:{s:9:\"user_data\";s:0:\"\";s:3:\"nid\";s:8:\"19387312\";s:5:\"email\";s:19:\"crivera@ryfgroup.co\";s:15:\"loggedin_public\";b:1;s:8:\"new_user\";b:0;s:14:\"priority_email\";s:19:\"crivera@ryfgroup.co\";s:4:\"name\";s:13:\"carlos arturo\";s:8:\"lastname\";s:6:\"rivera\";s:9:\"cellphone\";s:10:\"3102441553\";s:10:\"last_login\";s:19:\"2014-10-20 10:10:29\";s:13:\"nid_img_front\";s:24:\"Cedula_carlos_rivera.JPG\";s:12:\"nid_img_back\";s:26:\"Cedula_carlos_rivera_2.JPG\";s:2:\"id\";s:2:\"98\";s:10:\"created_at\";s:19:\"2014-10-20 10:28:43\";s:8:\"verified\";s:2:\"no\";}'),('f6e218abc6fdd9edf6fbce4164efd612','54.172.196.76','Mozilla/5.0 (compatible; proximic; +http://www.proximic.com/info/spider.php)',1413826315,''),('73babf9b43875fd731472b9c2d27ec07','54.172.196.76','Mozilla/5.0 (compatible; proximic; +http://www.proximic.com/info/spider.php)',1413826315,''),('934b447573a60121785149746fb32cca','74.6.254.121','Mozilla/5.0 (compatible; Yahoo! Slurp; http://help.yahoo.com/help/us/ysearch/slurp)',1413826454,''),('ada72324211c5ffda44bbfb67be60c96','201.184.135.184','Mozilla/5.0 (Windows NT 6.1; WOW64) AppleWebKit/537.36 (KHTML, like Gecko) Chrome/38.0.2125.104 Safari/537.36',1413829752,'a:6:{s:9:\"user_data\";s:0:\"\";s:3:\"nid\";s:10:\"1030593858\";s:5:\"email\";s:20:\"eliana-g@hotmail.com\";s:15:\"loggedin_public\";b:1;s:8:\"new_user\";b:1;s:14:\"priority_email\";s:20:\"eliana-g@hotmail.com\";}'),('42a05581972cc32c176ba9c56a5678d4','181.59.101.6','Mozilla/5.0 (iPhone; CPU iPhone OS 7_1_2 like Mac OS X) AppleWebKit/537.51.2 (KHTML, like Gecko) Version/7.0 Mobile/11D2',1413829045,'a:14:{s:9:\"user_data\";s:0:\"\";s:2:\"id\";s:2:\"98\";s:5:\"email\";s:19:\"crivera@ryfgroup.co\";s:3:\"nid\";s:8:\"19387312\";s:4:\"name\";s:13:\"carlos arturo\";s:8:\"lastname\";s:6:\"rivera\";s:9:\"cellphone\";s:10:\"3102441553\";s:13:\"nid_img_front\";s:24:\"Cedula_carlos_rivera.JPG\";s:12:\"nid_img_back\";s:26:\"Cedula_carlos_rivera_2.JPG\";s:10:\"created_at\";s:19:\"2014-10-20 10:28:43\";s:10:\"last_login\";s:19:\"2014-10-20 10:10:30\";s:8:\"verified\";s:2:\"si\";s:15:\"loggedin_public\";b:1;s:8:\"new_user\";b:0;}'),('1bf7e9c6ca05694c2c42c001a1aaf79a','186.87.161.15','Mozilla/5.0 (Windows NT 6.1) AppleWebKit/537.36 (KHTML, like Gecko) Chrome/38.0.2125.104 Safari/537.36',1413829182,'a:15:{s:9:\"user_data\";s:0:\"\";s:2:\"id\";s:2:\"68\";s:5:\"email\";s:19:\"azacarlos@yahoo.com\";s:3:\"nid\";s:7:\"5933248\";s:4:\"name\";s:13:\"JAIME ARMANDO\";s:8:\"lastname\";s:14:\"YEPES MARTINEZ\";s:9:\"cellphone\";s:10:\"3174269478\";s:13:\"nid_img_front\";s:17:\"Cedula_Frente.jpg\";s:12:\"nid_img_back\";s:18:\"Cedula_Trasera.jpg\";s:10:\"created_at\";s:19:\"2014-10-13 19:53:04\";s:10:\"last_login\";s:19:\"2014-10-16 07:07:49\";s:8:\"verified\";s:2:\"si\";s:15:\"loggedin_public\";b:1;s:8:\"new_user\";b:0;s:14:\"priority_email\";s:19:\"azacarlos@yahoo.com\";}'),('9490b7fd3131b9afbd2204c3db2e881a','136.166.251.100','Mozilla/5.0 (Windows NT 6.1) AppleWebKit/537.36 (KHTML, like Gecko) Chrome/37.0.2062.124 Safari/537.36',1413831969,'a:13:{s:9:\"user_data\";s:0:\"\";s:3:\"nid\";s:10:\"1037613235\";s:5:\"email\";s:28:\"johanna.abogada923@gmail.com\";s:15:\"loggedin_public\";b:1;s:8:\"new_user\";b:0;s:14:\"priority_email\";s:28:\"johanna.abogada923@gmail.com\";s:4:\"name\";s:14:\"JOHANNA ANDREA\";s:8:\"lastname\";s:11:\"RODAS GARRO\";s:9:\"cellphone\";s:10:\"3116019952\";s:10:\"last_login\";s:19:\"2014-10-20 12:12:06\";s:13:\"nid_img_front\";s:23:\"IMG-20141010-WA0029.jpg\";s:12:\"nid_img_back\";s:23:\"IMG-20141010-WA0031.jpg\";s:2:\"id\";i:99;}'),('500dec91e610e2e2c9cd0c933fb7d11c','136.166.251.100','Mozilla/5.0 (Windows NT 6.1) AppleWebKit/537.36 (KHTML, like Gecko) Chrome/37.0.2062.124 Safari/537.36',1413831660,'a:4:{s:9:\"user_data\";s:0:\"\";s:7:\"user_id\";s:1:\"1\";s:8:\"username\";s:2:\"LG\";s:9:\"logged_in\";b:1;}'),('6479f1b010be27ea51045e0c647fdec7','200.93.187.138','Mozilla/4.0 (compatible; MSIE 8.0; Windows NT 6.1; Trident/4.0; SLCC2; .NET CLR 2.0.50727; .NET CLR 3.5.30729; .NET CLR ',1413553823,'a:14:{s:9:\"user_data\";s:0:\"\";s:2:\"id\";s:2:\"74\";s:5:\"email\";s:27:\"eduardo.castrop@hotmail.com\";s:3:\"nid\";s:8:\"19133318\";s:4:\"name\";s:1:\"0\";s:8:\"lastname\";s:1:\"0\";s:9:\"cellphone\";s:1:\"0\";s:13:\"nid_img_front\";N;s:12:\"nid_img_back\";N;s:10:\"created_at\";s:19:\"2014-10-15 10:10:51\";s:10:\"last_login\";s:19:\"2014-10-15 12:12:40\";s:8:\"verified\";s:2:\"no\";s:15:\"loggedin_public\";b:1;s:8:\"new_user\";b:0;}'),('0b42484cc49b1d39f0f93a70a26183bb','200.93.187.138','Mozilla/4.0 (compatible; MSIE 7.0; Windows NT 6.1; Trident/4.0; SLCC2; .NET CLR 2.0.50727; .NET CLR 3.5.30729; .NET CLR ',1413553890,''),('c7236d52afcdfea4923307bbf05b57a1','181.48.202.194','Mozilla/5.0 (Windows NT 6.2; WOW64) AppleWebKit/537.36 (KHTML, like Gecko) Chrome/38.0.2125.104 Safari/537.36',1413556241,'a:14:{s:9:\"user_data\";s:0:\"\";s:2:\"id\";s:2:\"79\";s:5:\"email\";s:20:\"chernand10@gmail.com\";s:3:\"nid\";s:8:\"79718143\";s:4:\"name\";s:1:\"0\";s:8:\"lastname\";s:1:\"0\";s:9:\"cellphone\";s:1:\"0\";s:13:\"nid_img_front\";N;s:12:\"nid_img_back\";N;s:10:\"created_at\";s:19:\"2014-10-16 13:09:00\";s:10:\"last_login\";s:19:\"2014-10-16 01:01:10\";s:8:\"verified\";s:2:\"no\";s:15:\"loggedin_public\";b:1;s:8:\"new_user\";b:0;}'),('37cf6b0041cd180d8f9bd5ff2fd874cd','181.48.202.194','Mozilla/5.0 (compatible; MSIE 10.0; Windows NT 6.2; WOW64; Trident/6.0; MALNJS)',1413556756,'a:14:{s:9:\"user_data\";s:0:\"\";s:2:\"id\";s:2:\"79\";s:5:\"email\";s:20:\"chernand10@gmail.com\";s:3:\"nid\";s:8:\"79718143\";s:4:\"name\";s:1:\"0\";s:8:\"lastname\";s:1:\"0\";s:9:\"cellphone\";s:1:\"0\";s:13:\"nid_img_front\";N;s:12:\"nid_img_back\";N;s:10:\"created_at\";s:19:\"2014-10-16 13:09:00\";s:10:\"last_login\";s:19:\"2014-10-17 07:07:30\";s:8:\"verified\";s:2:\"no\";s:15:\"loggedin_public\";b:1;s:8:\"new_user\";b:0;}'),('e9fc16cd2f7f8e9c8cdf875284b82316','181.137.132.165','Mozilla/5.0 (Macintosh; Intel Mac OS X 10_7_5) AppleWebKit/537.36 (KHTML, like Gecko) Chrome/38.0.2125.104 Safari/537.36',1413822990,'a:6:{s:9:\"user_data\";s:0:\"\";s:3:\"nid\";s:8:\"22808520\";s:5:\"email\";s:22:\"fela112003@hotmail.com\";s:15:\"loggedin_public\";b:1;s:8:\"new_user\";b:1;s:14:\"priority_email\";s:22:\"fela112003@hotmail.com\";}'),('5d06402cd8c202f5e83ac8878e59f6d9','181.48.202.194','Mozilla/5.0 (Windows NT 6.1; WOW64; Trident/7.0; rv:11.0) like Gecko',1413573035,'a:14:{s:9:\"user_data\";s:0:\"\";s:2:\"id\";s:2:\"79\";s:5:\"email\";s:20:\"chernand10@gmail.com\";s:3:\"nid\";s:8:\"79718143\";s:4:\"name\";s:1:\"0\";s:8:\"lastname\";s:1:\"0\";s:9:\"cellphone\";s:1:\"0\";s:13:\"nid_img_front\";N;s:12:\"nid_img_back\";N;s:10:\"created_at\";s:19:\"2014-10-16 13:09:00\";s:10:\"last_login\";s:19:\"2014-10-17 12:12:10\";s:8:\"verified\";s:2:\"no\";s:15:\"loggedin_public\";b:1;s:8:\"new_user\";b:0;}'),('d90d2c366a3fd1d4306fc6278d887a47','136.166.251.100','Mozilla/5.0 (Windows NT 6.1) AppleWebKit/537.36 (KHTML, like Gecko) Chrome/37.0.2062.124 Safari/537.36',1413831660,'a:4:{s:9:\"user_data\";s:0:\"\";s:7:\"user_id\";s:1:\"1\";s:8:\"username\";s:2:\"LG\";s:9:\"logged_in\";b:1;}'),('01bd6fd7c1968c0f7a45ba21bf2b698e','136.166.251.100','Mozilla/4.0 (compatible; MSIE 8.0; Windows NT 6.1; Trident/4.0; CNS_UA; AD_LOGON=4C47452E4E4554; SLCC2; .NET CLR 2.0.507',1413581345,'a:5:{s:9:\"user_data\";s:0:\"\";s:3:\"nid\";s:7:\"8798722\";s:5:\"email\";s:23:\"maria.valeria@gmail.com\";s:15:\"loggedin_public\";b:1;s:8:\"new_user\";b:1;}'),('2d5b8ddbdfdd91e12597ffc386051a23','136.166.251.100','Mozilla/5.0 (Windows NT 6.1) AppleWebKit/537.36 (KHTML, like Gecko) Chrome/38.0.2125.101 Safari/537.36',1413581402,'a:5:{s:9:\"user_data\";s:0:\"\";s:3:\"nid\";s:7:\"8978722\";s:5:\"email\";s:30:\"mariavaleria.jimenez@gmail.com\";s:15:\"loggedin_public\";b:1;s:8:\"new_user\";b:1;}'),('b35e41c23de302c4c10b7251fcf10944','190.85.140.225','Mozilla/5.0 (Linux; NetCast; U) AppleWebKit/537.31 (KHTML, like Gecko) Chrome/26.0.1410.33 Safari/537.31 SmartTV/5.0',1413587428,'a:5:{s:9:\"user_data\";s:0:\"\";s:3:\"nid\";s:10:\"1151942041\";s:5:\"email\";s:23:\"sergioaniyalr@gmail.com\";s:15:\"loggedin_public\";b:1;s:8:\"new_user\";b:1;}'),('7eb3672e66d78195a7dbb635c4cd1f35','190.253.134.111','Mozilla/5.0 (Windows NT 6.1; WOW64) AppleWebKit/537.36 (KHTML, like Gecko) Chrome/37.0.2062.124 Safari/537.36',1413588672,'a:6:{s:9:\"user_data\";s:0:\"\";s:3:\"nid\";s:8:\"19387312\";s:5:\"email\";s:19:\"crivera@ryfgroup.co\";s:15:\"loggedin_public\";b:1;s:8:\"new_user\";b:1;s:14:\"priority_email\";s:19:\"crivera@ryfgroup.co\";}'),('b1ed9fbfecfd1f9646ae136a0e4f660c','191.79.79.103','Mozilla/5.0 (Linux; NetCast; U) AppleWebKit/537.4 (KHTML, like Gecko) Chrome/22.0.1229.79 Safari/537.4 SmartTV/4.6',1413590616,'a:6:{s:9:\"user_data\";s:0:\"\";s:3:\"nid\";s:7:\"8248306\";s:5:\"email\";s:17:\"cgils@hotmail.com\";s:15:\"loggedin_public\";b:1;s:8:\"new_user\";b:1;s:14:\"priority_email\";s:17:\"cgils@hotmail.com\";}'),('17f4f838a5ec7d9b8b9251732ecb5239','191.79.79.103','Mozilla/5.0 (iPad; CPU OS 8_0_2 like Mac OS X) AppleWebKit/600.1.4 (KHTML, like Gecko) Version/8.0 Mobile/12A405 Safari/',1413592309,'a:6:{s:9:\"user_data\";s:0:\"\";s:3:\"nid\";s:7:\"8248306\";s:5:\"email\";s:17:\"cgils@hotmail.com\";s:15:\"loggedin_public\";b:1;s:8:\"new_user\";b:1;s:14:\"priority_email\";s:17:\"cgils@hotmail.com\";}'),('56ff8d0b0cde2ba15803082c49aab443','200.116.103.192','Mozilla/5.0 (Linux; Android 4.4.2; es-es; SAMSUNG SM-P600 Build/KOT49H) AppleWebKit/537.36 (KHTML, like Gecko) Version/1',1413596962,'a:15:{s:9:\"user_data\";s:0:\"\";s:3:\"nid\";s:8:\"71727819\";s:5:\"email\";s:20:\"amejiago@hotmail.com\";s:15:\"loggedin_public\";b:1;s:8:\"new_user\";b:0;s:14:\"priority_email\";s:20:\"amejiago@hotmail.com\";s:4:\"name\";s:14:\"Alberto Adolfo\";s:8:\"lastname\";s:14:\"Mejía Gómez \";s:9:\"cellphone\";s:10:\"3182210173\";s:10:\"last_login\";s:19:\"2014-10-17 06:06:44\";s:13:\"nid_img_front\";s:17:\"1413594729228.jpg\";s:12:\"nid_img_back\";s:17:\"1413594771539.jpg\";s:2:\"id\";s:2:\"84\";s:10:\"created_at\";s:19:\"2014-10-17 18:41:18\";s:8:\"verified\";s:2:\"si\";}'),('f15d8a3f02413ec89a05f9556c29acbc','191.75.242.184','Mozilla/5.0 (Linux; Android 4.3; es-us; SAMSUNG SGH-M919 Build/JSS15J) AppleWebKit/537.36 (KHTML, like Gecko) Version/1.',1413604447,'a:15:{s:9:\"user_data\";s:0:\"\";s:3:\"nid\";s:8:\"79779451\";s:5:\"email\";s:21:\"myzambranog@yahoo.com\";s:15:\"loggedin_public\";b:1;s:8:\"new_user\";b:0;s:14:\"priority_email\";s:21:\"myzambranog@yahoo.com\";s:4:\"name\";s:6:\"Erazmo\";s:8:\"lastname\";s:8:\"Zambrano\";s:9:\"cellphone\";s:10:\"3215033522\";s:10:\"last_login\";s:19:\"2014-10-17 06:06:53\";s:13:\"nid_img_front\";s:17:\"1413596957594.jpg\";s:12:\"nid_img_back\";s:17:\"1413596976459.jpg\";s:2:\"id\";s:2:\"85\";s:10:\"created_at\";s:19:\"2014-10-17 18:51:57\";s:8:\"verified\";s:2:\"si\";}'),('431e4889d9261c62225bf610ecda37b2','200.116.103.192','Mozilla/5.0 (Linux; Android 4.4.2; SM-P600 Build/KOT49H) AppleWebKit/537.36 (KHTML, like Gecko) Chrome/38.0.2125.102 Saf',1413596616,'a:14:{s:9:\"user_data\";s:0:\"\";s:2:\"id\";s:2:\"84\";s:5:\"email\";s:20:\"amejiago@hotmail.com\";s:3:\"nid\";s:8:\"71727819\";s:4:\"name\";s:14:\"Alberto Adolfo\";s:8:\"lastname\";s:14:\"Mejía Gómez \";s:9:\"cellphone\";s:10:\"3182210173\";s:13:\"nid_img_front\";s:17:\"1413594729228.jpg\";s:12:\"nid_img_back\";s:17:\"1413594771539.jpg\";s:10:\"created_at\";s:19:\"2014-10-17 18:41:18\";s:10:\"last_login\";s:19:\"2014-10-17 06:06:42\";s:8:\"verified\";s:2:\"si\";s:15:\"loggedin_public\";b:1;s:8:\"new_user\";b:0;}'),('4af09f706ecfb8b1e2816ca8cc4a098c','186.146.131.94','Mozilla/5.0 (Linux; U) AppleWebKit/537.4 (KHTML, like Gecko) Chrome/22.0.1229.79 Safari/537.4',1413602463,'a:6:{s:9:\"user_data\";s:0:\"\";s:3:\"nid\";s:8:\"16724394\";s:5:\"email\";s:20:\"tito5038@hotmail.com\";s:15:\"loggedin_public\";b:1;s:8:\"new_user\";b:1;s:14:\"priority_email\";s:20:\"tito5038@hotmail.com\";}'),('de38f5a14ba2518a8bf40976e0d1ba9a','200.118.13.197','Mozilla/5.0 (iPad; CPU OS 7_1_2 like Mac OS X) AppleWebKit/537.51.2 (KHTML, like Gecko) Version/7.0 Mobile/11D257 Safari',1413698747,'a:6:{s:9:\"user_data\";s:0:\"\";s:3:\"nid\";s:10:\"1010111573\";s:5:\"email\";s:24:\"andresfelipe56@gmail.com\";s:15:\"loggedin_public\";b:1;s:8:\"new_user\";b:1;s:14:\"priority_email\";s:24:\"andresfelipe56@gmail.com\";}'),('924edff27b7e52e66db4e520273e18b7','181.58.203.254','Mozilla/5.0 (Macintosh; Intel Mac OS X 10_9_5) AppleWebKit/537.36 (KHTML, like Gecko) Chrome/38.0.2125.104 Safari/537.36',1413636305,'a:6:{s:9:\"user_data\";s:0:\"\";s:3:\"nid\";s:8:\"19260450\";s:5:\"email\";s:15:\"taroa@yahoo.com\";s:15:\"loggedin_public\";b:1;s:8:\"new_user\";b:1;s:14:\"priority_email\";s:15:\"taroa@yahoo.com\";}'),('aac2a2c0e1fe811b0c2157b6727abcee','190.84.118.230','Mozilla/5.0 (Windows NT 6.1; WOW64) AppleWebKit/537.36 (KHTML, like Gecko) Chrome/37.0.2062.124 Safari/537.36',1413639365,'a:15:{s:9:\"user_data\";s:0:\"\";s:3:\"nid\";s:8:\"79269584\";s:5:\"email\";s:25:\"j.bayona@chemiworldsas.co\";s:15:\"loggedin_public\";b:1;s:8:\"new_user\";b:0;s:14:\"priority_email\";s:25:\"j.bayona@chemiworldsas.co\";s:4:\"name\";s:14:\"juan francisco\";s:8:\"lastname\";s:6:\"bayona\";s:9:\"cellphone\";s:10:\"3202311002\";s:10:\"last_login\";s:19:\"2014-10-18 06:06:38\";s:13:\"nid_img_front\";s:22:\"cedula_jfb_frontal.jpg\";s:12:\"nid_img_back\";s:22:\"cedula_jfb_trasera.jpg\";s:2:\"id\";s:2:\"87\";s:10:\"created_at\";s:19:\"2014-10-18 06:36:52\";s:8:\"verified\";s:2:\"no\";}'),('548ce05d8c710a2ff5a92aa2a6361e24','190.84.118.230','Mozilla/5.0 (compatible; MSIE 9.0; Windows NT 6.1; WOW64; Trident/5.0)',1413639732,'a:14:{s:9:\"user_data\";s:0:\"\";s:2:\"id\";s:2:\"87\";s:5:\"email\";s:25:\"j.bayona@chemiworldsas.co\";s:3:\"nid\";s:8:\"79269584\";s:4:\"name\";s:14:\"juan francisco\";s:8:\"lastname\";s:6:\"bayona\";s:9:\"cellphone\";s:10:\"3202311002\";s:13:\"nid_img_front\";s:22:\"cedula_jfb_frontal.jpg\";s:12:\"nid_img_back\";s:22:\"cedula_jfb_trasera.jpg\";s:10:\"created_at\";s:19:\"2014-10-18 06:36:52\";s:10:\"last_login\";s:19:\"2014-10-18 06:06:38\";s:8:\"verified\";s:2:\"si\";s:15:\"loggedin_public\";b:1;s:8:\"new_user\";b:0;}'),('4c01c1cee0f847d08a1b839e279097bb','190.84.118.230','Mozilla/5.0 (compatible; MSIE 9.0; Windows NT 6.1; WOW64; Trident/5.0)',1413639736,''),('7bd83745ad80117bce7f8798f2de578d','190.27.135.118','Mozilla/5.0 (Macintosh; Intel Mac OS X 10_9_5) AppleWebKit/537.36 (KHTML, like Gecko) Chrome/38.0.2125.104 Safari/537.36',1413649398,'a:15:{s:9:\"user_data\";s:0:\"\";s:2:\"id\";s:2:\"82\";s:5:\"email\";s:20:\"aaclavijoa@gmail.com\";s:3:\"nid\";s:8:\"79265069\";s:4:\"name\";s:14:\"Alvaro Arturo \";s:8:\"lastname\";s:15:\"Clavijo Alvarez\";s:9:\"cellphone\";s:10:\"3162506206\";s:13:\"nid_img_front\";s:19:\"micedulafrente.jpeg\";s:12:\"nid_img_back\";s:20:\"micedulareverso.jpeg\";s:10:\"created_at\";s:19:\"2014-10-16 17:43:17\";s:10:\"last_login\";s:19:\"2014-10-16 05:05:52\";s:8:\"verified\";s:2:\"si\";s:15:\"loggedin_public\";b:1;s:8:\"new_user\";b:0;s:14:\"priority_email\";s:20:\"aaclavijoa@gmail.com\";}'),('13127eee7dabf4eb683f7a7107ea0158','190.12.157.70','Mozilla/5.0 (Windows NT 6.1; WOW64; rv:29.0) Gecko/20100101 Firefox/29.0',1413651131,''),('351dd44c09157b202aede7e8806f9ff1','186.118.225.253','Mozilla/5.0 (Windows NT 6.1; WOW64) AppleWebKit/537.36 (KHTML, like Gecko) Chrome/37.0.2062.124 Safari/537.36',1413659590,'a:15:{s:9:\"user_data\";s:0:\"\";s:3:\"nid\";s:8:\"79219660\";s:5:\"email\";s:26:\"sebastian_2194@hotmail.com\";s:15:\"loggedin_public\";b:1;s:8:\"new_user\";b:0;s:14:\"priority_email\";s:26:\"sebastian_2194@hotmail.com\";s:4:\"name\";s:13:\"John Bladimir\";s:8:\"lastname\";s:17:\"Parrales Martinez\";s:9:\"cellphone\";s:10:\"3102257230\";s:10:\"last_login\";s:19:\"2014-10-18 12:12:14\";s:13:\"nid_img_front\";s:19:\"20141018_135728.jpg\";s:12:\"nid_img_back\";s:19:\"20141018_135757.jpg\";s:2:\"id\";s:2:\"88\";s:10:\"created_at\";s:19:\"2014-10-18 12:13:45\";s:8:\"verified\";s:2:\"si\";}'),('fe7944ea8427516711890c511fb82c8e','191.110.50.17','Mozilla/5.0 (iPhone; CPU iPhone OS 7_1_2 like Mac OS X) AppleWebKit/537.51.2 (KHTML, like Gecko) Version/7.0 Mobile/11D2',1413668289,''),('f21571b909dd70dc1445c6a635793e9b','190.60.197.210','Mozilla/5.0 (Windows NT 6.2) AppleWebKit/537.36 (KHTML, like Gecko) Chrome/38.0.2125.104 Safari/537.36',1413672522,'a:6:{s:9:\"user_data\";s:0:\"\";s:3:\"nid\";s:10:\"1010111573\";s:5:\"email\";s:24:\"andresfelipe56@gmail.com\";s:15:\"loggedin_public\";b:1;s:8:\"new_user\";b:1;s:14:\"priority_email\";s:24:\"andresfelipe56@gmail.com\";}'),('2a2cfc8d40ede662c76afb36ad8760ca','181.136.115.120','Mozilla/5.0 (Windows NT 6.2) AppleWebKit/537.36 (KHTML, like Gecko) Chrome/38.0.2125.104 Safari/537.36',1413674315,'a:15:{s:9:\"user_data\";s:0:\"\";s:3:\"nid\";s:10:\"1010111573\";s:5:\"email\";s:24:\"andresfelipe56@gmail.com\";s:15:\"loggedin_public\";b:1;s:8:\"new_user\";b:0;s:14:\"priority_email\";s:24:\"andresfelipe56@gmail.com\";s:4:\"name\";s:13:\"Andres Felipe\";s:8:\"lastname\";s:14:\"Gonzalez Amaya\";s:9:\"cellphone\";s:2:\"31\";s:10:\"last_login\";s:19:\"2014-10-18 04:04:12\";s:13:\"nid_img_front\";s:23:\"NuevoDocumento_56_1.jpg\";s:12:\"nid_img_back\";s:23:\"NuevoDocumento_56_2.jpg\";s:2:\"id\";s:2:\"89\";s:10:\"created_at\";s:19:\"2014-10-18 16:11:44\";s:8:\"verified\";s:2:\"no\";}'),('8f13f32ad980496a8ceb7766eb56f1c9','181.136.115.120','Mozilla/5.0 (Windows NT 6.2) AppleWebKit/537.36 (KHTML, like Gecko) Chrome/38.0.2125.104 Safari/537.36',1413674316,''),('9856d27c1baa2723b3673639942de8bb','181.207.140.201','Mozilla/5.0 (iPhone; CPU iPhone OS 8_0_2 like Mac OS X) AppleWebKit/600.1.4 (KHTML, like Gecko) Version/8.0 Mobile/12A40',1413675549,'a:14:{s:9:\"user_data\";s:0:\"\";s:2:\"id\";s:2:\"89\";s:5:\"email\";s:24:\"andresfelipe56@gmail.com\";s:3:\"nid\";s:10:\"1010111573\";s:4:\"name\";s:13:\"Andres Felipe\";s:8:\"lastname\";s:14:\"Gonzalez Amaya\";s:9:\"cellphone\";s:2:\"31\";s:13:\"nid_img_front\";s:23:\"NuevoDocumento_56_1.jpg\";s:12:\"nid_img_back\";s:23:\"NuevoDocumento_56_2.jpg\";s:10:\"created_at\";s:19:\"2014-10-18 16:11:44\";s:10:\"last_login\";s:19:\"2014-10-18 04:04:13\";s:8:\"verified\";s:2:\"si\";s:15:\"loggedin_public\";b:1;s:8:\"new_user\";b:0;}'),('77721dd8d8e7c0aa348802efbbf7c171','190.27.68.7','Mozilla/5.0 (Windows NT 6.1; WOW64; Trident/7.0; rv:11.0) like Gecko',1413676501,'a:14:{s:9:\"user_data\";s:0:\"\";s:2:\"id\";s:2:\"90\";s:5:\"email\";s:21:\"odcardona@hotmail.com\";s:3:\"nid\";s:8:\"10251382\";s:4:\"name\";s:11:\"Omar Darío\";s:8:\"lastname\";s:16:\"Cardona Arboleda\";s:9:\"cellphone\";s:10:\"3122322854\";s:13:\"nid_img_front\";s:18:\"Cédula_Frente.jpg\";s:12:\"nid_img_back\";s:18:\"Cédula_atrás.jpg\";s:10:\"created_at\";s:19:\"2014-10-18 16:45:48\";s:10:\"last_login\";s:19:\"2014-10-18 04:04:48\";s:8:\"verified\";s:2:\"si\";s:15:\"loggedin_public\";b:1;s:8:\"new_user\";b:0;}'),('741a91a71b09cc10f6dcd66d3c25128a','190.27.68.7','Mozilla/5.0 (Windows NT 6.1; Win64; x64; Trident/7.0; rv:11.0) like Gecko',1413676133,''),('f921ac58c211e5b60f0c9f41154a69ac','190.27.68.7','Mozilla/5.0 (Windows NT 6.1; WOW64) AppleWebKit/537.36 (KHTML, like Gecko) Chrome/38.0.2125.101 Safari/537.36',1413676135,'a:15:{s:9:\"user_data\";s:0:\"\";s:2:\"id\";s:2:\"90\";s:5:\"email\";s:21:\"odcardona@hotmail.com\";s:3:\"nid\";s:8:\"10251382\";s:4:\"name\";s:11:\"Omar Darío\";s:8:\"lastname\";s:16:\"Cardona Arboleda\";s:9:\"cellphone\";s:10:\"3122322854\";s:13:\"nid_img_front\";s:18:\"Cédula_Frente.jpg\";s:12:\"nid_img_back\";s:18:\"Cédula_atrás.jpg\";s:10:\"created_at\";s:19:\"2014-10-18 16:45:48\";s:10:\"last_login\";s:19:\"2014-10-18 04:04:47\";s:8:\"verified\";s:2:\"si\";s:15:\"loggedin_public\";b:1;s:8:\"new_user\";b:0;s:14:\"priority_email\";s:21:\"odcardona@hotmail.com\";}'),('6c264ec0b9915f9a9c3fb55d23944360','181.139.7.166','Mozilla/5.0 (Windows NT 6.1) AppleWebKit/537.36 (KHTML, like Gecko) Chrome/38.0.2125.104 Safari/537.36',1413680134,'a:6:{s:9:\"user_data\";s:0:\"\";s:3:\"nid\";s:8:\"10273943\";s:5:\"email\";s:22:\"joseale910@hotmail.com\";s:15:\"loggedin_public\";b:1;s:8:\"new_user\";b:1;s:14:\"priority_email\";s:22:\"joseale910@hotmail.com\";}'),('03368358f94f60d3298b41c0d178a3a8','181.55.222.246','Mozilla/5.0 (Linux; Android 4.4.2; D6503 Build/17.1.A.2.55) AppleWebKit/537.36 (KHTML, like Gecko) Chrome/38.0.2125.102 ',1413681236,''),('54fc6dd86b2d2a306b05028d9a277ca5','190.25.149.123','Mozilla/5.0 (Windows NT 5.1) AppleWebKit/534.24 (KHTML, like Gecko) Chrome/11.0.696.77 Safari/534.24',1413682955,'a:6:{s:9:\"user_data\";s:0:\"\";s:3:\"nid\";s:8:\"11227289\";s:5:\"email\";s:24:\"fredy9112006@hotmail.com\";s:15:\"loggedin_public\";b:1;s:8:\"new_user\";b:1;s:14:\"priority_email\";s:24:\"fredy9112006@hotmail.com\";}'),('1612a8b7a9130cb081eac3bab4c308cd','190.66.117.60','Mozilla/5.0 (Windows NT 6.1; WOW64) AppleWebKit/537.36 (KHTML, like Gecko) Chrome/38.0.2125.104 Safari/537.36',1413688109,'a:6:{s:9:\"user_data\";s:0:\"\";s:3:\"nid\";s:8:\"65763428\";s:5:\"email\";s:22:\"traslado12@hotmail.com\";s:15:\"loggedin_public\";b:1;s:8:\"new_user\";b:1;s:14:\"priority_email\";s:22:\"traslado12@hotmail.com\";}'),('6a9711d8ab27937f5450a2bcacb573cf','181.237.200.121','Mozilla/5.0 (iPad; CPU OS 8_0_2 like Mac OS X) AppleWebKit/600.1.4 (KHTML, like Gecko) Version/8.0 Mobile/12A405 Safari/',1413693167,'a:6:{s:9:\"user_data\";s:0:\"\";s:3:\"nid\";s:8:\"75049551\";s:5:\"email\";s:21:\"a.car.flo@hotmail.com\";s:15:\"loggedin_public\";b:1;s:8:\"new_user\";b:1;s:14:\"priority_email\";s:21:\"a.car.flo@hotmail.com\";}'),('f5bacdd94e8baec38e1dc2b972929ab0','201.233.39.20','Mozilla/5.0 (Linux; NetCast; U) AppleWebKit/537.31 (KHTML, like Gecko) Chrome/26.0.1410.33 Safari/537.31 SmartTV/5.0',1413691998,'a:6:{s:9:\"user_data\";s:0:\"\";s:3:\"nid\";s:8:\"98550618\";s:5:\"email\";s:19:\"chepe122@hotmail.om\";s:15:\"loggedin_public\";b:1;s:8:\"new_user\";b:1;s:14:\"priority_email\";s:19:\"chepe122@hotmail.om\";}'),('43599a1aa6975fc91883eed35c16e36c','181.59.137.213','Mozilla/5.0 (Windows NT 6.1; WOW64) AppleWebKit/537.36 (KHTML, like Gecko) Chrome/37.0.2062.124 Safari/537.36',1413693252,'a:6:{s:9:\"user_data\";s:0:\"\";s:3:\"nid\";s:8:\"39437809\";s:5:\"email\";s:19:\"parlo14@hotmail.com\";s:15:\"loggedin_public\";b:1;s:8:\"new_user\";b:1;s:14:\"priority_email\";s:19:\"parlo14@hotmail.com\";}'),('6280384fbcfbe54f01bed4854d0201af','181.58.203.254','Mozilla/5.0 (Macintosh; Intel Mac OS X 10_9_5) AppleWebKit/537.36 (KHTML, like Gecko) Chrome/38.0.2125.104 Safari/537.36',1413716036,'a:15:{s:9:\"user_data\";s:0:\"\";s:3:\"nid\";s:8:\"19260450\";s:5:\"email\";s:15:\"taroa@yahoo.com\";s:15:\"loggedin_public\";b:1;s:8:\"new_user\";b:0;s:14:\"priority_email\";s:15:\"taroa@yahoo.com\";s:4:\"name\";s:5:\"Luis \";s:8:\"lastname\";s:8:\"Guerrero\";s:9:\"cellphone\";s:10:\"3176461687\";s:10:\"last_login\";s:19:\"2014-10-19 03:03:54\";s:13:\"nid_img_front\";s:26:\"Cedula_Luis_Francisco1.jpg\";s:12:\"nid_img_back\";s:26:\"Cedula_Luis_Francisco2.jpg\";s:2:\"id\";s:2:\"91\";s:10:\"created_at\";s:19:\"2014-10-19 03:53:17\";s:8:\"verified\";s:2:\"si\";}'),('8c2ef897042e96938b9b1c68a3378707','181.58.203.254','Mozilla/5.0 (iPad; CPU OS 8_0_2 like Mac OS X) AppleWebKit/600.1.4 (KHTML, like Gecko) Version/8.0 Mobile/12A405 Safari/',1413716876,''),('014b526528ace81541b8edc0941a4cd4','186.84.183.68','Mozilla/5.0 (Windows NT 6.2; WOW64) AppleWebKit/537.36 (KHTML, like Gecko) Chrome/36.0.1985.125 Safari/537.36',1413737625,'a:15:{s:9:\"user_data\";s:0:\"\";s:3:\"nid\";s:8:\"19433240\";s:5:\"email\";s:23:\"cheocastro1@hotmail.com\";s:15:\"loggedin_public\";b:1;s:8:\"new_user\";b:0;s:14:\"priority_email\";s:23:\"cheocastro1@hotmail.com\";s:4:\"name\";s:9:\"sigifredo\";s:8:\"lastname\";s:6:\"castro\";s:9:\"cellphone\";s:10:\"3164513868\";s:10:\"last_login\";s:19:\"2014-10-19 08:08:11\";s:13:\"nid_img_front\";s:19:\"cedula_cheo_(1).jpg\";s:12:\"nid_img_back\";s:19:\"cedula_cheo_(2).jpg\";s:2:\"id\";s:2:\"92\";s:10:\"created_at\";s:19:\"2014-10-19 08:09:54\";s:8:\"verified\";s:2:\"si\";}'),('a9b316df3af09438834ac6824c04bc37','181.135.145.200','Mozilla/5.0 (Linux; Android 4.4.2; LG-D855 Build/KVT49L.A1408002079) AppleWebKit/537.36 (KHTML, like Gecko) Chrome/38.0.',1413731530,'a:6:{s:9:\"user_data\";s:0:\"\";s:3:\"nid\";s:8:\"80191539\";s:5:\"email\";s:22:\"andres.pr777@gmail.com\";s:15:\"loggedin_public\";b:1;s:8:\"new_user\";b:1;s:14:\"priority_email\";s:22:\"andres.pr777@gmail.com\";}'),('d2c448ee583c008ca7de337008aa3324','181.135.145.200','Dalvik/1.6.0 (Linux; U; Android 4.4.2; LG-D855 Build/KVT49L.A1408002079)',1413730760,''),('83103a7a2537f23446f3fc3242cd958d','181.135.145.200','Dalvik/1.6.0 (Linux; U; Android 4.4.2; LG-D855 Build/KVT49L.A1408002079)',1413730763,''),('05445c9f0cc6a6b96bcc8fcc4c37efad','186.118.103.26','Mozilla/5.0 (Linux; NetCast; U) AppleWebKit/537.4 (KHTML, like Gecko) Chrome/22.0.1229.79 Safari/537.4 SmartTV/4.6',1413734894,'a:6:{s:9:\"user_data\";s:0:\"\";s:3:\"nid\";s:8:\"79857561\";s:5:\"email\";s:28:\"rodriguezyarboleda@yahoo.com\";s:15:\"loggedin_public\";b:1;s:8:\"new_user\";b:1;s:14:\"priority_email\";s:28:\"rodriguezyarboleda@yahoo.com\";}'),('f4298d5cf3e68214cf76f7f5e1275d34','186.118.103.26','Mozilla/5.0 (Windows NT 6.1) AppleWebKit/537.36 (KHTML, like Gecko) Chrome/37.0.2062.124 Safari/537.36',1413736049,'a:13:{s:9:\"user_data\";s:0:\"\";s:3:\"nid\";s:8:\"79857561\";s:5:\"email\";s:28:\"rodriguezyarboleda@yahoo.com\";s:15:\"loggedin_public\";b:1;s:8:\"new_user\";b:0;s:14:\"priority_email\";s:28:\"rodriguezyarboleda@yahoo.com\";s:4:\"name\";s:13:\"GUSTAVO ENEAS\";s:8:\"lastname\";s:16:\"RODRIGUEZ RINCON\";s:9:\"cellphone\";s:10:\"3163589429\";s:10:\"last_login\";s:18:\"2014-10-19 9:09:27\";s:13:\"nid_img_front\";s:16:\"cedula_1_001.jpg\";s:12:\"nid_img_back\";s:16:\"cedula_2_001.jpg\";s:2:\"id\";i:93;}'),('9eea6a962c2d8ee53c6ae7cbaf8272c7','181.135.145.200','Dalvik/1.6.0 (Linux; U; Android 4.4.2; LG-D855 Build/KVT49L.A1408002079)',1413736038,''),('15c643291fc17f79527a4552ef60b294','181.135.145.200','Dalvik/1.6.0 (Linux; U; Android 4.4.2; LG-D855 Build/KVT49L.A1408002079)',1413736042,''),('a93b8dbe4a479db3c8627109430a52de','190.146.17.104','Mozilla/5.0 (Windows NT 6.3; WOW64) AppleWebKit/537.36 (KHTML, like Gecko) Chrome/38.0.2125.104 Safari/537.36',1413747162,'a:6:{s:9:\"user_data\";s:0:\"\";s:3:\"nid\";s:7:\"7174307\";s:5:\"email\";s:25:\"leosuarez@holdtrade.co.uk\";s:15:\"loggedin_public\";b:1;s:8:\"new_user\";b:1;s:14:\"priority_email\";s:25:\"leosuarez@holdtrade.co.uk\";}'),('d64b3a357e20dfeec2250dd9861d3283','179.49.178.66','Mozilla/5.0 (iPhone; CPU iPhone OS 8_0_2 like Mac OS X) AppleWebKit/600.1.4 (KHTML, like Gecko) CriOS/38.0.2125.59 Mobil',1413749993,'a:6:{s:9:\"user_data\";s:0:\"\";s:3:\"nid\";s:8:\"15440875\";s:5:\"email\";s:19:\"parlo14@hotmail.com\";s:15:\"loggedin_public\";b:1;s:8:\"new_user\";b:1;s:14:\"priority_email\";s:19:\"parlo14@hotmail.com\";}'),('1d9cba6d83dcbc728e82983a2cbda6e1','181.33.253.96','Mozilla/5.0 (Linux; U) AppleWebKit/537.4 (KHTML, like Gecko) Chrome/22.0.1229.79 Safari/537.4',1413756747,'a:6:{s:9:\"user_data\";s:0:\"\";s:3:\"nid\";s:8:\"36561084\";s:5:\"email\";s:21:\"luznidia1@hotmail.com\";s:15:\"loggedin_public\";b:1;s:8:\"new_user\";b:1;s:14:\"priority_email\";s:21:\"luznidia1@hotmail.com\";}'),('3df69e50e07f443dbfc42f7855934b84','186.29.202.146','Mozilla/5.0 (compatible; MSIE 9.0; Windows NT 6.1; Trident/5.0)',1413756955,'a:6:{s:9:\"user_data\";s:0:\"\";s:3:\"nid\";s:8:\"79264350\";s:5:\"email\";s:21:\"gomezaudias@gmail.com\";s:15:\"loggedin_public\";b:1;s:8:\"new_user\";b:1;s:14:\"priority_email\";s:21:\"gomezaudias@gmail.com\";}'),('be2091340d5ace6fe1388cb217b74143','191.105.247.170','Mozilla/5.0 (Windows NT 6.3; WOW64) AppleWebKit/537.36 (KHTML, like Gecko) Chrome/37.0.2062.124 Safari/537.36',1413767850,'a:6:{s:9:\"user_data\";s:0:\"\";s:3:\"nid\";s:8:\"75049551\";s:5:\"email\";s:21:\"a.car.flo@hotmail.com\";s:15:\"loggedin_public\";b:1;s:8:\"new_user\";b:1;s:14:\"priority_email\";s:21:\"a.car.flo@hotmail.com\";}'),('bf64a22df58e9ac94e65857e0ee8a9f5','190.252.140.204','Mozilla/5.0 (Windows NT 6.3; WOW64) AppleWebKit/537.36 (KHTML, like Gecko) Chrome/36.0.1985.143 Safari/537.36',1413768896,'a:13:{s:9:\"user_data\";s:0:\"\";s:3:\"nid\";s:7:\"5668019\";s:5:\"email\";s:20:\"finacred@hotmail.com\";s:15:\"loggedin_public\";b:1;s:8:\"new_user\";b:0;s:14:\"priority_email\";s:20:\"finacred@hotmail.com\";s:4:\"name\";s:6:\"Julian\";s:8:\"lastname\";s:12:\"Diaz Moncada\";s:9:\"cellphone\";s:10:\"3102506209\";s:10:\"last_login\";s:18:\"2014-10-19 6:06:35\";s:13:\"nid_img_front\";s:18:\"cedula_frontal.jpg\";s:12:\"nid_img_back\";s:18:\"cedula_trasera.jpg\";s:2:\"id\";i:95;}'),('f5034ef5923632f85bf27c80bcbf2982','191.105.247.170','Mozilla/5.0 (Windows NT 6.3; WOW64) AppleWebKit/537.36 (KHTML, like Gecko) Chrome/37.0.2062.124 Safari/537.36',1413767851,''),('f76f085bd9f88e8675bd4baed4401da7','191.105.247.170','Mozilla/5.0 (Windows NT 6.3; WOW64) AppleWebKit/537.36 (KHTML, like Gecko) Chrome/37.0.2062.124 Safari/537.36',1413767853,''),('35fd740341a26936c0ec47184f888dea','191.105.247.170','Mozilla/5.0 (Windows NT 6.3; WOW64) AppleWebKit/537.36 (KHTML, like Gecko) Chrome/37.0.2062.124 Safari/537.36',1413767853,''),('ffe7a61e1ce2413ff330275c1647f20d','191.105.247.170','Mozilla/5.0 (Windows NT 6.3; WOW64) AppleWebKit/537.36 (KHTML, like Gecko) Chrome/37.0.2062.124 Safari/537.36',1413767853,''),('d6fa16e42b239d3007211f3163097076','191.105.247.170','Mozilla/5.0 (Windows NT 6.3; WOW64) AppleWebKit/537.36 (KHTML, like Gecko) Chrome/37.0.2062.124 Safari/537.36',1413767854,''),('5007e26932668462a4b13e31f3283d5c','191.105.247.170','Mozilla/5.0 (Windows NT 6.3; WOW64) AppleWebKit/537.36 (KHTML, like Gecko) Chrome/37.0.2062.124 Safari/537.36',1413768624,'a:15:{s:9:\"user_data\";s:0:\"\";s:3:\"nid\";s:8:\"75049551\";s:5:\"email\";s:21:\"a.car.flo@hotmail.com\";s:15:\"loggedin_public\";b:1;s:8:\"new_user\";b:0;s:14:\"priority_email\";s:21:\"a.car.flo@hotmail.com\";s:4:\"name\";s:15:\"AICARDO ANTONIO\";s:8:\"lastname\";s:14:\"CARMONA FLOREZ\";s:9:\"cellphone\";s:10:\"3178930965\";s:10:\"last_login\";s:19:\"2014-10-19 06:06:29\";s:13:\"nid_img_front\";s:25:\"Escáner_20141019_(3).jpg\";s:12:\"nid_img_back\";s:25:\"Escáner_20141019_(5).jpg\";s:2:\"id\";s:2:\"94\";s:10:\"created_at\";s:19:\"2014-10-19 18:28:24\";s:8:\"verified\";s:2:\"no\";}'),('ac0ace06e314a5036f32a13ae3a465a5','191.105.136.119','Mozilla/5.0 (Linux; Android 4.4.2; es-es; SAMSUNG SM-N900 Build/KOT49H) AppleWebKit/537.36 (KHTML, like Gecko) Version/1',1413768708,'a:14:{s:9:\"user_data\";s:0:\"\";s:2:\"id\";s:2:\"94\";s:5:\"email\";s:21:\"a.car.flo@hotmail.com\";s:3:\"nid\";s:8:\"75049551\";s:4:\"name\";s:15:\"AICARDO ANTONIO\";s:8:\"lastname\";s:14:\"CARMONA FLOREZ\";s:9:\"cellphone\";s:10:\"3178930965\";s:13:\"nid_img_front\";s:25:\"Escáner_20141019_(3).jpg\";s:12:\"nid_img_back\";s:25:\"Escáner_20141019_(5).jpg\";s:10:\"created_at\";s:19:\"2014-10-19 18:28:24\";s:10:\"last_login\";s:19:\"2014-10-19 06:06:30\";s:8:\"verified\";s:2:\"si\";s:15:\"loggedin_public\";b:1;s:8:\"new_user\";b:0;}'),('41875451f924087578d42c15f8c6a1d1','201.234.247.226','Mozilla/5.0 (Windows NT 6.1; WOW64) AppleWebKit/537.36 (KHTML, like Gecko) Chrome/37.0.2062.124 Safari/537.36',1413837603,'a:4:{s:9:\"user_data\";s:0:\"\";s:7:\"user_id\";s:1:\"1\";s:8:\"username\";s:2:\"LG\";s:9:\"logged_in\";b:1;}'),('1919faf8b02354d66f0409e20c9bae2b','201.234.247.226','Mozilla/5.0 (Windows NT 6.1; WOW64) AppleWebKit/537.36 (KHTML, like Gecko) Chrome/37.0.2062.124 Safari/537.36',1413920473,'a:4:{s:9:\"user_data\";s:0:\"\";s:7:\"user_id\";s:1:\"1\";s:8:\"username\";s:2:\"LG\";s:9:\"logged_in\";b:1;}'),('86022e03d7d2b33ec8f8a7b6953e6432','190.35.109.130','Mozilla/5.0 (Windows NT 6.3; WOW64; Trident/7.0; rv:11.0) like Gecko',1413997851,'a:6:{s:9:\"user_data\";s:0:\"\";s:3:\"nid\";s:7:\"8811272\";s:5:\"email\";s:26:\"alexandrabruneln@gmail.com\";s:15:\"loggedin_public\";b:1;s:8:\"new_user\";b:1;s:14:\"priority_email\";s:26:\"alexandrabruneln@gmail.com\";}'),('64ee25e602e5b87256e45749e5a59d93','190.35.109.130','Mozilla/5.0 (Windows NT 6.3; Win64; x64; Trident/7.0; rv:11.0) like Gecko',1413997853,''),('cbf0408df69a6a81a9a93fe8b2972696','201.234.247.226','Mozilla/5.0 (Windows NT 6.1; WOW64) AppleWebKit/537.36 (KHTML, like Gecko) Chrome/37.0.2062.124 Safari/537.36',1413921175,'a:4:{s:9:\"user_data\";s:0:\"\";s:7:\"user_id\";s:1:\"1\";s:8:\"username\";s:2:\"LG\";s:9:\"logged_in\";b:1;}'),('998db7fa0f94fcff21e36d3014871f6b','201.234.247.226','Mozilla/5.0 (Windows NT 6.1; WOW64) AppleWebKit/537.36 (KHTML, like Gecko) Chrome/37.0.2062.124 Safari/537.36',1413930156,'a:15:{s:9:\"user_data\";s:0:\"\";s:2:\"id\";s:3:\"100\";s:5:\"email\";s:18:\"apexmd21@gmail.com\";s:3:\"nid\";s:10:\"1018422095\";s:4:\"name\";s:4:\"Alex\";s:8:\"lastname\";s:5:\"Perea\";s:9:\"cellphone\";s:10:\"3003583092\";s:13:\"nid_img_front\";N;s:12:\"nid_img_back\";N;s:10:\"created_at\";s:19:\"2014-10-21 09:22:44\";s:10:\"last_login\";s:19:\"2014-10-21 01:01:00\";s:8:\"verified\";s:2:\"si\";s:15:\"loggedin_public\";b:1;s:8:\"new_user\";b:0;s:14:\"priority_email\";s:18:\"apexmd21@gmail.com\";}'),('f40de82fecc0b8dd5500095716246f9e','201.234.247.226','Mozilla/5.0 (Linux; Android 4.4.2; SM-G900H Build/KOT49H) AppleWebKit/537.36 (KHTML, like Gecko) Chrome/38.0.2125.102 Mo',1413929643,'a:15:{s:9:\"user_data\";s:0:\"\";s:2:\"id\";s:3:\"100\";s:5:\"email\";s:18:\"apexmd21@gmail.com\";s:3:\"nid\";s:10:\"1018422095\";s:4:\"name\";s:4:\"Alex\";s:8:\"lastname\";s:5:\"Perea\";s:9:\"cellphone\";s:10:\"3003583092\";s:13:\"nid_img_front\";N;s:12:\"nid_img_back\";N;s:10:\"created_at\";s:19:\"2014-10-21 09:22:44\";s:10:\"last_login\";s:19:\"2014-10-21 02:02:18\";s:8:\"verified\";s:2:\"si\";s:15:\"loggedin_public\";b:1;s:8:\"new_user\";b:0;s:14:\"priority_email\";s:18:\"apexmd21@gmail.com\";}'),('4f4d22d21f0ea7460394fc24bbf5a073','201.234.247.226','Mozilla/5.0 (Windows NT 6.1; WOW64) AppleWebKit/537.36 (KHTML, like Gecko) Chrome/37.0.2062.124 Safari/537.36',1414013443,'a:4:{s:9:\"user_data\";s:0:\"\";s:7:\"user_id\";s:1:\"1\";s:8:\"username\";s:2:\"LG\";s:9:\"logged_in\";b:1;}'),('e2c5c69dda42f170b7a8aada45095355','136.166.251.100','Mozilla/5.0 (Windows NT 6.1; WOW64) AppleWebKit/537.36 (KHTML, like Gecko) Chrome/38.0.2125.104 Safari/537.36',1414101251,'a:6:{s:9:\"user_data\";s:0:\"\";s:3:\"nid\";s:6:\"153882\";s:5:\"email\";s:21:\"zinia.english@lge.com\";s:15:\"loggedin_public\";b:1;s:8:\"new_user\";b:1;s:14:\"priority_email\";s:21:\"zinia.english@lge.com\";}'),('aef29fca2dc479dfd113644461061cf3','201.234.247.226','Mozilla/5.0 (Windows NT 6.1; WOW64) AppleWebKit/537.36 (KHTML, like Gecko) Chrome/38.0.2125.104 Safari/537.36',1414080280,'a:4:{s:9:\"user_data\";s:0:\"\";s:7:\"user_id\";s:1:\"1\";s:8:\"username\";s:2:\"LG\";s:9:\"logged_in\";b:1;}'),('80961e336f65fae30e031e10bdfc98eb','127.0.0.1','Mozilla/5.0 (Windows NT 6.1; WOW64) AppleWebKit/537.36 (KHTML, like Gecko) Chrome/38.0.2125.111 Safari/537.36',1414505126,'a:4:{s:9:\"user_data\";s:0:\"\";s:7:\"user_id\";s:1:\"1\";s:8:\"username\";s:2:\"LG\";s:9:\"logged_in\";b:1;}'),('8ba404574c23b042e0efa106f3f41809','127.0.0.1','Mozilla/5.0 (Windows NT 6.1; WOW64) AppleWebKit/537.36 (KHTML, like Gecko) Chrome/38.0.2125.111 Safari/537.36',1414535886,'a:4:{s:9:\"user_data\";s:0:\"\";s:7:\"user_id\";s:1:\"1\";s:8:\"username\";s:2:\"LG\";s:9:\"logged_in\";b:1;}'),('1e9442c78e19bc74c88d130c3bf329e1','127.0.0.1','Mozilla/5.0 (Windows NT 6.1; WOW64) AppleWebKit/537.36 (KHTML, like Gecko) Chrome/38.0.2125.104 Safari/537.36',1414101099,'a:4:{s:9:\"user_data\";s:0:\"\";s:7:\"user_id\";s:1:\"1\";s:8:\"username\";s:2:\"LG\";s:9:\"logged_in\";b:1;}'),('c65f1b136d2651ce2ece8708dd29fabd','127.0.0.1','Mozilla/5.0 (Windows NT 6.1; WOW64) AppleWebKit/537.36 (KHTML, like Gecko) Chrome/38.0.2125.104 Safari/537.36',1414100678,'a:15:{s:9:\"user_data\";s:0:\"\";s:2:\"id\";s:3:\"101\";s:5:\"email\";s:18:\"apexmd21@gmail.com\";s:3:\"nid\";s:10:\"1018422095\";s:4:\"name\";s:4:\"Alex\";s:8:\"lastname\";s:5:\"Perea\";s:9:\"cellphone\";s:10:\"3003583092\";s:13:\"nid_img_front\";N;s:12:\"nid_img_back\";N;s:10:\"created_at\";s:19:\"2014-10-23 14:22:39\";s:10:\"last_login\";s:19:\"2014-10-23 11:11:37\";s:8:\"verified\";s:2:\"si\";s:15:\"loggedin_public\";b:1;s:8:\"new_user\";b:0;s:14:\"priority_email\";s:18:\"apexmd21@gmail.com\";}'),('991c445f32fee35edb9656e3b12359db','127.0.0.1','Mozilla/5.0 (Windows NT 6.1; WOW64) AppleWebKit/537.36 (KHTML, like Gecko) Chrome/38.0.2125.104 Safari/537.36',1414448271,'a:15:{s:9:\"user_data\";s:0:\"\";s:2:\"id\";s:3:\"101\";s:5:\"email\";s:18:\"apexmd21@gmail.com\";s:3:\"nid\";s:10:\"1018422095\";s:4:\"name\";s:4:\"Alex\";s:8:\"lastname\";s:5:\"Perea\";s:9:\"cellphone\";s:10:\"3003583092\";s:13:\"nid_img_front\";N;s:12:\"nid_img_back\";N;s:10:\"created_at\";s:19:\"2014-10-23 14:22:39\";s:10:\"last_login\";s:19:\"2014-10-24 07:07:49\";s:8:\"verified\";s:2:\"si\";s:15:\"loggedin_public\";b:1;s:8:\"new_user\";b:0;s:14:\"priority_email\";s:18:\"apexmd21@gmail.com\";}'),('95ae1381b3d93fb33138ea9d1b1f6282','127.0.0.1','Mozilla/5.0 (Windows NT 6.1; WOW64) AppleWebKit/537.36 (KHTML, like Gecko) Chrome/38.0.2125.104 Safari/537.36',1414167002,'a:4:{s:9:\"user_data\";s:0:\"\";s:7:\"user_id\";s:1:\"1\";s:8:\"username\";s:2:\"LG\";s:9:\"logged_in\";b:1;}'),('f2f68d78d02582e02e1d465683c9b299','201.234.247.226','Mozilla/5.0 (Windows NT 6.1; WOW64) AppleWebKit/537.36 (KHTML, like Gecko) Chrome/38.0.2125.111 Safari/537.36',1414771979,'a:4:{s:9:\"user_data\";s:0:\"\";s:7:\"user_id\";s:1:\"1\";s:8:\"username\";s:2:\"LG\";s:9:\"logged_in\";b:1;}'),('3ddd3a136a675b633d8b9aada83a124e','127.0.0.1','Mozilla/5.0 (Windows NT 6.1; WOW64) AppleWebKit/537.36 (KHTML, like Gecko) Chrome/38.0.2125.111 Safari/537.36',1414530330,'a:11:{s:9:\"user_data\";s:0:\"\";s:3:\"nid\";s:10:\"1018422095\";s:5:\"email\";s:21:\"alexpereap@icloud.com\";s:15:\"loggedin_public\";b:1;s:8:\"new_user\";b:0;s:14:\"priority_email\";s:21:\"alexpereap@icloud.com\";s:4:\"name\";s:4:\"Alex\";s:8:\"lastname\";s:5:\"Perea\";s:9:\"cellphone\";s:10:\"3001212313\";s:10:\"last_login\";s:19:\"2014-10-28 10:10:06\";s:2:\"id\";i:106;}');
/*!40000 ALTER TABLE `ci_sessions` ENABLE KEYS */;
UNLOCK TABLES;

--
-- Table structure for table `tbl_city`
--

DROP TABLE IF EXISTS `tbl_city`;
/*!40101 SET @saved_cs_client     = @@character_set_client */;
/*!40101 SET character_set_client = utf8 */;
CREATE TABLE `tbl_city` (
  `id` int(11) NOT NULL AUTO_INCREMENT,
  `name` varchar(80) NOT NULL,
  PRIMARY KEY (`id`)
) ENGINE=InnoDB AUTO_INCREMENT=206 DEFAULT CHARSET=utf8;
/*!40101 SET character_set_client = @saved_cs_client */;

--
-- Dumping data for table `tbl_city`
--

LOCK TABLES `tbl_city` WRITE;
/*!40000 ALTER TABLE `tbl_city` DISABLE KEYS */;
INSERT INTO `tbl_city` VALUES (1,'Bello'),(2,'Caldas'),(3,'Copacabana'),(4,'Envigado'),(5,'Guarne'),(6,'Itagui'),(7,'La Ceja'),(8,'La Estrella'),(9,'La Tablaza'),(10,'Marinilla'),(11,'Medellín'),(12,'Rionegro'),(13,'Sabaneta'),(14,'San Antonio de Prado'),(15,'San Cristóbal'),(16,'Caucasia'),(17,'Barranquilla'),(18,'Malambo'),(19,'Puerto Colombia'),(20,'Soledad'),(21,'Arjona'),(22,'Bayunca'),(23,'Carmen de Bolívar'),(24,'Cartagena'),(25,'Turbaco'),(26,'Arcabuco'),(27,'Belencito'),(28,'Chiquinquirá'),(29,'Combita'),(30,'Cucaita'),(31,'Duitama'),(32,'Mongui'),(33,'Nobsa'),(34,'Paipa'),(35,'Puerto Boyacá'),(36,'Ráquira'),(37,'Samaca'),(38,'Santa Rosa de Viterbo'),(39,'Sogamoso'),(40,'Sutamerchán'),(41,'Tibasosa'),(42,'Tinjaca'),(43,'Tunja'),(44,'Ventaquemada'),(45,'Villa de Leiva'),(46,'La Dorada'),(47,'Manizales'),(48,'Villamaria'),(49,'Caloto'),(50,'Ortigal'),(51,'Piendamo'),(52,'Popayán'),(53,'Puerto Tejada'),(54,'Santander Quilichao'),(55,'Tunia'),(56,'Villarica'),(57,'Valledupar'),(58,'Cerete'),(59,'Montería'),(60,'Planeta Rica'),(61,'Alban'),(62,'Bogotá'),(63,'Bojaca'),(64,'Bosa'),(65,'Briceño'),(66,'Cajicá'),(67,'Chía'),(68,'Chinauta'),(69,'Choconta'),(70,'Cota'),(71,'El Muña'),(72,'El Rosal'),(73,'Engativá'),(74,'Facatativa'),(75,'Fontibón'),(76,'Funza'),(77,'Fusagasuga'),(78,'Gachancipá'),(79,'Girardot'),(80,'Guaduas'),(81,'Guayavetal'),(82,'La Calera'),(83,'La Caro'),(84,'Madrid'),(85,'Mosquera'),(86,'Nemocón'),(87,'Puente Piedra'),(88,'Puente Quetame'),(89,'Puerto Bogotá'),(90,'Puerto Salgar'),(91,'Quetame'),(92,'Sasaima'),(93,'Sesquile'),(94,'Sibaté'),(95,'Silvania'),(96,'Simijaca'),(97,'Soacha'),(98,'Sopo'),(99,'Suba'),(100,'Subachoque'),(101,'Susa'),(102,'Tabio'),(103,'Tenjo'),(104,'Tocancipa'),(105,'Ubaté'),(106,'Usaquén'),(107,'Usme'),(108,'Villapinzón'),(109,'Villeta'),(110,'Zipaquirá'),(111,'Maicao'),(112,'Riohacha'),(113,'Aipe'),(114,'Neiva'),(115,'Cienaga'),(116,'Gaira'),(117,'Rodadero'),(118,'Santa Marta'),(119,'Taganga'),(120,'Villavicencio'),(121,'Ipiales'),(122,'Pasto'),(123,'Cúcuta'),(124,'El Zulia'),(125,'La Parada'),(126,'Los Patios'),(127,'Villa del Rosario'),(128,'Armenia'),(129,'Calarcá'),(130,'Circasia'),(131,'La Tebaida'),(132,'Montenegro'),(133,'Quimbaya'),(134,'Dosquebradas'),(135,'Pereira'),(136,'Aratoca'),(137,'Barbosa'),(138,'Bucaramanga'),(139,'Floridablanca'),(140,'Girón'),(141,'Lebrija'),(142,'Oiba'),(143,'Piedecuesta'),(144,'Pinchote'),(145,'San Gil'),(146,'Socorro'),(147,'Sincelejo'),(148,'Armero'),(149,'Buenos Aires'),(150,'Castilla'),(151,'Espinal'),(152,'Flandes'),(153,'Guamo'),(154,'Honda'),(155,'Ibagué'),(156,'Mariquita'),(157,'Melgar'),(158,'Natagaima'),(159,'Payande'),(160,'Purificación'),(161,'Saldaña'),(162,'Tolemaida'),(163,'Amaime'),(164,'Andalucía'),(165,'Buenaventura'),(166,'Buga'),(167,'Buga La Grande'),(168,'Caicedonia'),(169,'Cali'),(170,'Candelaria'),(171,'Cartago'),(172,'Cavasa'),(173,'Costa Rica'),(174,'Dagua'),(175,'El Carmelo'),(176,'El Cerrito'),(177,'El Placer'),(178,'Florida'),(179,'Ginebra'),(180,'Guacarí'),(181,'Jamundi'),(182,'La Paila'),(183,'La Unión'),(184,'La Victoria'),(185,'Loboguerrero'),(186,'Palmira'),(187,'Pradera'),(188,'Roldanillo'),(189,'Rozo'),(190,'San Pedro'),(191,'Sevilla'),(192,'Sonso'),(193,'Tulúa'),(194,'Vijes'),(195,'Villa Gorgona'),(196,'Yotoco'),(197,'Yumbo'),(198,'Zarzal'),(199,'Barrancabermeja'),(201,'Ocaña'),(202,'Pitalito'),(203,'Tuquerres'),(204,'Yopal'),(205,'Online');
/*!40000 ALTER TABLE `tbl_city` ENABLE KEYS */;
UNLOCK TABLES;

--
-- Table structure for table `tbl_cms_user`
--

DROP TABLE IF EXISTS `tbl_cms_user`;
/*!40101 SET @saved_cs_client     = @@character_set_client */;
/*!40101 SET character_set_client = utf8 */;
CREATE TABLE `tbl_cms_user` (
  `id` int(11) NOT NULL AUTO_INCREMENT,
  `username` varchar(255) NOT NULL,
  `password` varchar(255) NOT NULL,
  `created_at` timestamp NOT NULL DEFAULT CURRENT_TIMESTAMP,
  PRIMARY KEY (`id`)
) ENGINE=InnoDB AUTO_INCREMENT=3 DEFAULT CHARSET=utf8;
/*!40101 SET character_set_client = @saved_cs_client */;

--
-- Dumping data for table `tbl_cms_user`
--

LOCK TABLES `tbl_cms_user` WRITE;
/*!40000 ALTER TABLE `tbl_cms_user` DISABLE KEYS */;
INSERT INTO `tbl_cms_user` VALUES (1,'LG','uOJBRWsGXhOFvpht1eqvF9LqQa6FvkTjwho34rKvAKg52c1vqZJtALaNyVExDU4jmC5YyJy2Gj5RXr+OFQRPGw==','2014-08-27 15:28:03');
/*!40000 ALTER TABLE `tbl_cms_user` ENABLE KEYS */;
UNLOCK TABLES;

--
-- Table structure for table `tbl_codes`
--

DROP TABLE IF EXISTS `tbl_codes`;
/*!40101 SET @saved_cs_client     = @@character_set_client */;
/*!40101 SET character_set_client = utf8 */;
CREATE TABLE `tbl_codes` (
  `id` int(11) NOT NULL AUTO_INCREMENT,
  `value` varchar(255) NOT NULL,
  `available` enum('si','no') NOT NULL DEFAULT 'si',
  PRIMARY KEY (`id`)
) ENGINE=InnoDB DEFAULT CHARSET=utf8;
/*!40101 SET character_set_client = @saved_cs_client */;

--
-- Dumping data for table `tbl_codes`
--

LOCK TABLES `tbl_codes` WRITE;
/*!40000 ALTER TABLE `tbl_codes` DISABLE KEYS */;
/*!40000 ALTER TABLE `tbl_codes` ENABLE KEYS */;
UNLOCK TABLES;

--
-- Table structure for table `tbl_denial_options`
--

DROP TABLE IF EXISTS `tbl_denial_options`;
/*!40101 SET @saved_cs_client     = @@character_set_client */;
/*!40101 SET character_set_client = utf8 */;
CREATE TABLE `tbl_denial_options` (
  `id` int(11) NOT NULL AUTO_INCREMENT,
  `value` varchar(255) NOT NULL,
  PRIMARY KEY (`id`)
) ENGINE=InnoDB AUTO_INCREMENT=7 DEFAULT CHARSET=utf8;
/*!40101 SET character_set_client = @saved_cs_client */;

--
-- Dumping data for table `tbl_denial_options`
--

LOCK TABLES `tbl_denial_options` WRITE;
/*!40000 ALTER TABLE `tbl_denial_options` DISABLE KEYS */;
INSERT INTO `tbl_denial_options` VALUES (1,'Selecciona una opción'),(2,'Tus datos personales no coinciden con tu cédula'),(3,'Los datos de tu factura no corresponden con los datos de compra'),(4,'Las imágenes adjuntas no son legibles'),(5,'La referencia de tu TV no tiene ninguna promoción activa'),(6,'El serial de tu TV ya está registrado');
/*!40000 ALTER TABLE `tbl_denial_options` ENABLE KEYS */;
UNLOCK TABLES;

--
-- Table structure for table `tbl_mod_email`
--

DROP TABLE IF EXISTS `tbl_mod_email`;
/*!40101 SET @saved_cs_client     = @@character_set_client */;
/*!40101 SET character_set_client = utf8 */;
CREATE TABLE `tbl_mod_email` (
  `id` int(11) NOT NULL AUTO_INCREMENT,
  `value` varchar(255) NOT NULL,
  PRIMARY KEY (`id`)
) ENGINE=InnoDB AUTO_INCREMENT=2 DEFAULT CHARSET=utf8;
/*!40101 SET character_set_client = @saved_cs_client */;

--
-- Dumping data for table `tbl_mod_email`
--

LOCK TABLES `tbl_mod_email` WRITE;
/*!40000 ALTER TABLE `tbl_mod_email` DISABLE KEYS */;
INSERT INTO `tbl_mod_email` VALUES (1,'apexmd21@gmail.com');
/*!40000 ALTER TABLE `tbl_mod_email` ENABLE KEYS */;
UNLOCK TABLES;

--
-- Table structure for table `tbl_prize`
--

DROP TABLE IF EXISTS `tbl_prize`;
/*!40101 SET @saved_cs_client     = @@character_set_client */;
/*!40101 SET character_set_client = utf8 */;
CREATE TABLE `tbl_prize` (
  `id` int(11) NOT NULL AUTO_INCREMENT,
  `fk_tv_id` int(11) NOT NULL,
  `title` varchar(255) NOT NULL,
  `image` text NOT NULL,
  `description` text NOT NULL,
  `created_at` timestamp NOT NULL DEFAULT CURRENT_TIMESTAMP,
  `quanty` int(10) unsigned NOT NULL DEFAULT '0',
  `terms` longtext NOT NULL,
  `has_promo_code` enum('yes','no') NOT NULL DEFAULT 'no',
  PRIMARY KEY (`id`),
  KEY `fk_tbl_prizes_tbl_tvs_idx` (`fk_tv_id`),
  CONSTRAINT `fk_tbl_prizes_tbl_tvs` FOREIGN KEY (`fk_tv_id`) REFERENCES `tbl_tv` (`id`) ON DELETE CASCADE ON UPDATE CASCADE
) ENGINE=InnoDB AUTO_INCREMENT=48 DEFAULT CHARSET=utf8;
/*!40101 SET character_set_client = @saved_cs_client */;

--
-- Dumping data for table `tbl_prize`
--

LOCK TABLES `tbl_prize` WRITE;
/*!40000 ALTER TABLE `tbl_prize` DISABLE KEYS */;
INSERT INTO `tbl_prize` VALUES (46,1,'LG promo prueba','ferrari-california-forza-horizon-2-31445-1920x10802.jpg','<p>dfsafsdf</p>','2014-10-20 20:44:09',16,'<p>dsadfasfasfasf</p>','no'),(47,6,'Otra Prueba','mirrors-edge-4_Galaxy_S5_Wallpaper1.jpg','<p>Lorem ipsum dolor sit amet, consectetur adipisicing elit, sed do eiusmod tempor incididunt ut labore et dolore magna aliqua. Ut enim ad minim veniam, quis nostrud exercitation ullamco laboris nisi ut aliquip ex ea commodo consequat. Duis aute irure dolor in reprehenderit in voluptate velit esse cillum dolore eu fugiat nulla pariatur. Excepteur sint occaecat cupidatat non proident, sunt in culpa qui officia deserunt mollit anim id est laborum.</p>','2014-10-23 21:19:53',145,'<p>Lorem ipsum dolor sit amet, consectetur adipisicing elit, sed do eiusmod tempor incididunt ut labore et dolore magna aliqua. Ut enim ad minim veniam, quis nostrud exercitation ullamco laboris nisi ut aliquip ex ea commodo consequat. Duis aute irure dolor in reprehenderit in voluptate velit esse cillum dolore eu fugiat nulla pariatur. Excepteur sint occaecat cupidatat non proident, sunt in culpa qui officia deserunt mollit anim id est laborum.</p>','yes');
/*!40000 ALTER TABLE `tbl_prize` ENABLE KEYS */;
UNLOCK TABLES;

--
-- Table structure for table `tbl_prize_application`
--

DROP TABLE IF EXISTS `tbl_prize_application`;
/*!40101 SET @saved_cs_client     = @@character_set_client */;
/*!40101 SET character_set_client = utf8 */;
CREATE TABLE `tbl_prize_application` (
  `id` int(11) NOT NULL AUTO_INCREMENT,
  `fk_purchase_data_id` int(11) NOT NULL,
  `created_at` timestamp NOT NULL DEFAULT CURRENT_TIMESTAMP,
  `status` enum('email_confirmacion','en_revision','no_aprobado','aprobado','entregado') NOT NULL DEFAULT 'email_confirmacion',
  PRIMARY KEY (`id`),
  KEY `fk_prize_application_tbl_purchase_data1_idx` (`fk_purchase_data_id`),
  CONSTRAINT `fk_prize_application_tbl_purchase_data1` FOREIGN KEY (`fk_purchase_data_id`) REFERENCES `tbl_purchase_data` (`id`) ON DELETE CASCADE ON UPDATE CASCADE
) ENGINE=InnoDB AUTO_INCREMENT=95 DEFAULT CHARSET=utf8;
/*!40101 SET character_set_client = @saved_cs_client */;

--
-- Dumping data for table `tbl_prize_application`
--

LOCK TABLES `tbl_prize_application` WRITE;
/*!40000 ALTER TABLE `tbl_prize_application` DISABLE KEYS */;
/*!40000 ALTER TABLE `tbl_prize_application` ENABLE KEYS */;
UNLOCK TABLES;

--
-- Table structure for table `tbl_prize_codes`
--

DROP TABLE IF EXISTS `tbl_prize_codes`;
/*!40101 SET @saved_cs_client     = @@character_set_client */;
/*!40101 SET character_set_client = utf8 */;
CREATE TABLE `tbl_prize_codes` (
  `id` int(11) NOT NULL AUTO_INCREMENT,
  `fk_prize_detail_id` int(11) NOT NULL,
  `value` varchar(255) NOT NULL,
  `available` enum('yes','no') NOT NULL DEFAULT 'yes',
  `created_at` timestamp NOT NULL DEFAULT CURRENT_TIMESTAMP,
  PRIMARY KEY (`id`),
  KEY `fk_tbl_prize_codes_tbl_prize_detail1_idx` (`fk_prize_detail_id`),
  CONSTRAINT `fk_tbl_prize_codes_tbl_prize_detail1` FOREIGN KEY (`fk_prize_detail_id`) REFERENCES `tbl_prize_detail` (`id`) ON DELETE CASCADE ON UPDATE CASCADE
) ENGINE=InnoDB AUTO_INCREMENT=2402 DEFAULT CHARSET=utf8;
/*!40101 SET character_set_client = @saved_cs_client */;

--
-- Dumping data for table `tbl_prize_codes`
--

LOCK TABLES `tbl_prize_codes` WRITE;
/*!40000 ALTER TABLE `tbl_prize_codes` DISABLE KEYS */;
/*!40000 ALTER TABLE `tbl_prize_codes` ENABLE KEYS */;
UNLOCK TABLES;

--
-- Table structure for table `tbl_prize_detail`
--

DROP TABLE IF EXISTS `tbl_prize_detail`;
/*!40101 SET @saved_cs_client     = @@character_set_client */;
/*!40101 SET character_set_client = utf8 */;
CREATE TABLE `tbl_prize_detail` (
  `id` int(11) NOT NULL AUTO_INCREMENT,
  `title` varchar(255) NOT NULL,
  `image` text NOT NULL,
  `description` text NOT NULL,
  `has_list_of_codes` enum('yes','no') NOT NULL,
  `reclaim_description` text,
  `created_at` timestamp NOT NULL DEFAULT CURRENT_TIMESTAMP,
  `available_from` date DEFAULT NULL,
  `available_until` date DEFAULT NULL,
  PRIMARY KEY (`id`)
) ENGINE=InnoDB AUTO_INCREMENT=22 DEFAULT CHARSET=utf8;
/*!40101 SET character_set_client = @saved_cs_client */;

--
-- Dumping data for table `tbl_prize_detail`
--

LOCK TABLES `tbl_prize_detail` WRITE;
/*!40000 ALTER TABLE `tbl_prize_detail` DISABLE KEYS */;
INSERT INTO `tbl_prize_detail` VALUES (20,'Prueba','57087-ferrari-california-forza-horizon-2-31445-1920x1080.jpg','<p>\n	dasdasd</p>\n','no','<p>\n	dsadasd</p>\n','2014-10-20 20:43:18','2014-10-01','2014-10-31'),(21,'Otra prueba','9d175-audifonos-beats-pro-by-drdre-originales-iphone-ipad-ipod-y-9291-mlm20013380636_112013-f.jpg','<p>\r\n	Lorem ipsum dolor sit amet, consectetur adipisicing elit, sed do eiusmod tempor incididunt ut labore et dolore magna aliqua. Ut enim ad minim veniam, quis nostrud exercitation ullamco laboris nisi ut aliquip ex ea commodo consequat. Duis aute irure dolor in reprehenderit in voluptate velit esse cillum dolore eu fugiat nulla pariatur. Excepteur sint occaecat cupidatat non proident, sunt in culpa qui officia deserunt mollit anim id est laborum.</p>\r\n','no','<p>\r\n	Lorem ipsum dolor sit amet, consectetur adipisicing elit, sed do eiusmod tempor incididunt ut labore et dolore magna aliqua. Ut enim ad minim veniam, quis nostrud exercitation ullamco laboris nisi ut aliquip ex ea commodo consequat. Duis aute irure dolor in reprehenderit in voluptate velit esse cillum dolore eu fugiat nulla pariatur. Excepteur sint occaecat cupidatat non proident, sunt in culpa qui officia deserunt mollit anim id est laborum.</p>\r\n','2014-10-23 21:19:18','2014-10-01','2014-10-31');
/*!40000 ALTER TABLE `tbl_prize_detail` ENABLE KEYS */;
UNLOCK TABLES;

--
-- Table structure for table `tbl_prize_elements`
--

DROP TABLE IF EXISTS `tbl_prize_elements`;
/*!40101 SET @saved_cs_client     = @@character_set_client */;
/*!40101 SET character_set_client = utf8 */;
CREATE TABLE `tbl_prize_elements` (
  `id` int(11) NOT NULL AUTO_INCREMENT,
  `fk_prize_id` int(11) NOT NULL,
  `fk_prize_detail_id` int(11) NOT NULL,
  `created_at` timestamp NOT NULL DEFAULT CURRENT_TIMESTAMP,
  PRIMARY KEY (`id`),
  KEY `fk_tbl_prize_elements_tbl_prize1_idx` (`fk_prize_id`),
  KEY `fk_tbl_prize_elements_tbl_prize_detail1_idx` (`fk_prize_detail_id`),
  CONSTRAINT `fk_tbl_prize_elements_tbl_prize1` FOREIGN KEY (`fk_prize_id`) REFERENCES `tbl_prize` (`id`) ON DELETE CASCADE ON UPDATE CASCADE,
  CONSTRAINT `fk_tbl_prize_elements_tbl_prize_detail1` FOREIGN KEY (`fk_prize_detail_id`) REFERENCES `tbl_prize_detail` (`id`) ON DELETE CASCADE ON UPDATE CASCADE
) ENGINE=InnoDB AUTO_INCREMENT=325 DEFAULT CHARSET=utf8;
/*!40101 SET character_set_client = @saved_cs_client */;

--
-- Dumping data for table `tbl_prize_elements`
--

LOCK TABLES `tbl_prize_elements` WRITE;
/*!40000 ALTER TABLE `tbl_prize_elements` DISABLE KEYS */;
INSERT INTO `tbl_prize_elements` VALUES (323,46,20,'2014-10-20 20:44:09'),(324,47,21,'2014-10-23 21:19:53');
/*!40000 ALTER TABLE `tbl_prize_elements` ENABLE KEYS */;
UNLOCK TABLES;

--
-- Table structure for table `tbl_prize_store`
--

DROP TABLE IF EXISTS `tbl_prize_store`;
/*!40101 SET @saved_cs_client     = @@character_set_client */;
/*!40101 SET character_set_client = utf8 */;
CREATE TABLE `tbl_prize_store` (
  `id` int(11) NOT NULL AUTO_INCREMENT,
  `fk_prize_id` int(11) NOT NULL,
  `fk_sells_point_id` int(11) NOT NULL,
  PRIMARY KEY (`id`),
  KEY `fk_tbl_prize_store_tbl_prize1_idx` (`fk_prize_id`),
  KEY `fk_tbl_prize_store_tbl_sells_point1_idx` (`fk_sells_point_id`),
  CONSTRAINT `fk_tbl_prize_store_tbl_sells_point1` FOREIGN KEY (`fk_sells_point_id`) REFERENCES `tbl_sells_point` (`id`) ON DELETE CASCADE ON UPDATE CASCADE,
  CONSTRAINT `fk_tbl_prize_store_tbl_prize1` FOREIGN KEY (`fk_prize_id`) REFERENCES `tbl_prize` (`id`) ON DELETE CASCADE ON UPDATE CASCADE
) ENGINE=InnoDB AUTO_INCREMENT=1157 DEFAULT CHARSET=utf8;
/*!40101 SET character_set_client = @saved_cs_client */;

--
-- Dumping data for table `tbl_prize_store`
--

LOCK TABLES `tbl_prize_store` WRITE;
/*!40000 ALTER TABLE `tbl_prize_store` DISABLE KEYS */;
/*!40000 ALTER TABLE `tbl_prize_store` ENABLE KEYS */;
UNLOCK TABLES;

--
-- Table structure for table `tbl_promo`
--

DROP TABLE IF EXISTS `tbl_promo`;
/*!40101 SET @saved_cs_client     = @@character_set_client */;
/*!40101 SET character_set_client = utf8 */;
CREATE TABLE `tbl_promo` (
  `id` int(11) NOT NULL AUTO_INCREMENT,
  `title` varchar(255) NOT NULL,
  `media` text NOT NULL COMMENT 'swf png jpg gif',
  `link` text,
  `available_from` date NOT NULL,
  `available_until` date NOT NULL,
  `created_at` timestamp NOT NULL DEFAULT CURRENT_TIMESTAMP,
  `order` int(11) DEFAULT '0',
  PRIMARY KEY (`id`)
) ENGINE=InnoDB AUTO_INCREMENT=14 DEFAULT CHARSET=utf8;
/*!40101 SET character_set_client = @saved_cs_client */;

--
-- Dumping data for table `tbl_promo`
--

LOCK TABLES `tbl_promo` WRITE;
/*!40000 ALTER TABLE `tbl_promo` DISABLE KEYS */;
INSERT INTO `tbl_promo` VALUES (12,'netflix','337fd-netflix.jpg',NULL,'2014-10-01','2014-12-31','2014-10-09 19:57:53',1),(13,'directv','12639-lg-de-otro-mundo_final.jpg',NULL,'2014-10-01','2014-12-31','2014-10-09 20:17:29',0);
/*!40000 ALTER TABLE `tbl_promo` ENABLE KEYS */;
UNLOCK TABLES;

--
-- Table structure for table `tbl_purchase_data`
--

DROP TABLE IF EXISTS `tbl_purchase_data`;
/*!40101 SET @saved_cs_client     = @@character_set_client */;
/*!40101 SET character_set_client = utf8 */;
CREATE TABLE `tbl_purchase_data` (
  `id` int(11) NOT NULL AUTO_INCREMENT,
  `fk_user_id` int(11) NOT NULL,
  `fk_sells_point_id` int(11) NOT NULL,
  `fk_codes_id` int(11) DEFAULT NULL,
  `purchase_date` date NOT NULL,
  `bill_number` varchar(255) NOT NULL,
  `bill_img` varchar(255) NOT NULL,
  `created_at` timestamp NOT NULL DEFAULT CURRENT_TIMESTAMP,
  `promotional_code_txt` varchar(255) DEFAULT NULL,
  `code_txt` varchar(255) NOT NULL,
  PRIMARY KEY (`id`),
  KEY `fk_purchase_data_tbl_sells_point1_idx` (`fk_sells_point_id`),
  KEY `fk_tbl_purchase_data_tbl_user1_idx` (`fk_user_id`),
  KEY `fk_tbl_purchase_data_tbl_codes1_idx` (`fk_codes_id`),
  CONSTRAINT `fk_tbl_purchase_data_tbl_codes1` FOREIGN KEY (`fk_codes_id`) REFERENCES `tbl_codes` (`id`) ON DELETE CASCADE ON UPDATE CASCADE,
  CONSTRAINT `fk_purchase_data_tbl_sells_point1` FOREIGN KEY (`fk_sells_point_id`) REFERENCES `tbl_sells_point` (`id`) ON DELETE CASCADE ON UPDATE CASCADE,
  CONSTRAINT `fk_tbl_purchase_data_tbl_user1` FOREIGN KEY (`fk_user_id`) REFERENCES `tbl_user` (`id`) ON DELETE CASCADE ON UPDATE CASCADE
) ENGINE=InnoDB AUTO_INCREMENT=137 DEFAULT CHARSET=utf8;
/*!40101 SET character_set_client = @saved_cs_client */;

--
-- Dumping data for table `tbl_purchase_data`
--

LOCK TABLES `tbl_purchase_data` WRITE;
/*!40000 ALTER TABLE `tbl_purchase_data` DISABLE KEYS */;
/*!40000 ALTER TABLE `tbl_purchase_data` ENABLE KEYS */;
UNLOCK TABLES;

--
-- Table structure for table `tbl_purchase_data_tv`
--

DROP TABLE IF EXISTS `tbl_purchase_data_tv`;
/*!40101 SET @saved_cs_client     = @@character_set_client */;
/*!40101 SET character_set_client = utf8 */;
CREATE TABLE `tbl_purchase_data_tv` (
  `id` int(11) NOT NULL AUTO_INCREMENT,
  `fk_purchase_data_id` int(11) NOT NULL,
  `fk_tv_id` int(11) NOT NULL,
  `serial_tv` varchar(255) NOT NULL,
  PRIMARY KEY (`id`),
  KEY `fk_tbl_purchase_data_tv_tbl_purchase_data1_idx` (`fk_purchase_data_id`),
  KEY `fk_tbl_purchase_data_tv_tbl_tv1_idx` (`fk_tv_id`),
  CONSTRAINT `fk_tbl_purchase_data_tv_tbl_purchase_data1` FOREIGN KEY (`fk_purchase_data_id`) REFERENCES `tbl_purchase_data` (`id`) ON DELETE CASCADE ON UPDATE CASCADE,
  CONSTRAINT `fk_tbl_purchase_data_tv_tbl_tv1` FOREIGN KEY (`fk_tv_id`) REFERENCES `tbl_tv` (`id`) ON DELETE CASCADE ON UPDATE CASCADE
) ENGINE=InnoDB AUTO_INCREMENT=221 DEFAULT CHARSET=utf8;
/*!40101 SET character_set_client = @saved_cs_client */;

--
-- Dumping data for table `tbl_purchase_data_tv`
--

LOCK TABLES `tbl_purchase_data_tv` WRITE;
/*!40000 ALTER TABLE `tbl_purchase_data_tv` DISABLE KEYS */;
/*!40000 ALTER TABLE `tbl_purchase_data_tv` ENABLE KEYS */;
UNLOCK TABLES;

--
-- Table structure for table `tbl_sells_point`
--

DROP TABLE IF EXISTS `tbl_sells_point`;
/*!40101 SET @saved_cs_client     = @@character_set_client */;
/*!40101 SET character_set_client = utf8 */;
CREATE TABLE `tbl_sells_point` (
  `id` int(11) NOT NULL AUTO_INCREMENT,
  `name` varchar(255) NOT NULL,
  `fk_store_id` int(11) NOT NULL,
  PRIMARY KEY (`id`),
  KEY `fk_tbl_sells_point_tbl_store1_idx` (`fk_store_id`),
  CONSTRAINT `fk_tbl_sells_point_tbl_store1` FOREIGN KEY (`fk_store_id`) REFERENCES `tbl_store` (`id`) ON DELETE CASCADE ON UPDATE CASCADE
) ENGINE=InnoDB AUTO_INCREMENT=516 DEFAULT CHARSET=utf8;
/*!40101 SET character_set_client = @saved_cs_client */;

--
-- Dumping data for table `tbl_sells_point`
--

LOCK TABLES `tbl_sells_point` WRITE;
/*!40000 ALTER TABLE `tbl_sells_point` DISABLE KEYS */;
INSERT INTO `tbl_sells_point` VALUES (1,'Cristal Armenia',3),(2,'Unicentro Armenia',3),(3,'Armenia',8),(4,'Portal Del Quindio ',8),(5,'Ibg  Armenia',5),(6,'Muebles Bl Armenia',1),(7,'Flamingo  Armenia',4),(8,'Ventanilla Verde',10),(9,'Casa Del Mueble',11),(10,'Rayco Armenia',9),(11,'Armenia',7),(12,'Electrojaponesa Armenia',2),(13,'San Silvestre',13),(14,'Barrancabermeja',12),(15,'Barrancabermeja',14),(16,'Almacen BC',15),(17,'Electrocol 76',35),(18,'Electrocol Centro',35),(19,'Electroreyes',36),(20,'De Todo Para El Hogar',33),(21,'Diselco Principal',34),(22,'Diselco Privilegio',34),(23,'Diselco Friohogar',34),(24,'Hiper Rayco',41),(25,'Rayco Centro',41),(26,'Socol',43),(27,'Sercol',42),(28,'Carco',31),(29,'Colventas',32),(30,'Americano',39),(31,'Barranquilla',39),(32,'Buena Vista',39),(33,'Calle 30',39),(34,'Calle 53',40),(35,'Calle 93',40),(36,'Hipodromo',40),(37,'Macarena',40),(38,'Murillo',37),(39,'Panorama',37),(40,'Buenavista Barranquilla',37),(41,'San Francisco',37),(42,'Villa Country',38),(43,'La 22',37),(44,'Barranquilla',37),(45,'Bello',44),(46,'Bello',45),(47,'Bello',47),(48,'Bello',46),(49,'Chapinero',49),(50,'Cll 80',49),(51,'Colina',49),(52,'Country',49),(53,'Floresta',49),(54,'Norte',49),(55,'Suba',49),(56,'Unicentro B',49),(57,'Centro',54),(58,'Centro Mayor',50),(59,'Galerias',50),(60,'Hayuelos',50),(61,'Santa Fe B',50),(62,'Suba',50),(63,'Titan',50),(64,'Unicentro',50),(65,'Floresta',55),(66,'Centro Mayor',55),(67,'Centro Mayor',57),(68,'Calima',57),(69,'Americas',49),(70,'Bosa',49),(71,'Fontibon',49),(72,'Salitre',49),(73,'Gran Estacion',49),(74,'Tunal',49),(75,'Usme',49),(76,'Villa Mayor',49),(77,'20 De Julio',53),(78,'Autopista Sur',53),(79,'Banderas',53),(80,'Bosa',53),(81,'Cra 30',53),(82,'Fontibón',53),(83,'Hayuelos',53),(84,'San Cayetano',53),(85,'Alqueria',53),(86,'Tintalito',53),(87,'Soacha',53),(88,'Ktjul',48),(89,'Ktuno',48),(90,'Ktame',48),(91,'Ktb94',48),(92,'Ktmay',48),(93,'Ktsal',48),(94,'Ktsba',48),(95,'Kttit',48),(96,'Ak170',48),(97,'Akb30',48),(98,'Akb68',48),(99,'Akven',48),(100,'Bulevar',53),(101,'Calle 170',53),(102,'Calle 80',53),(103,'Floresta',53),(104,'Iserra 100',53),(105,'Santa Ana',53),(106,'Santa Fe',53),(107,'Suba',53),(108,'Plaza De Las Américas ',56),(109,'Portal De La 80',56),(110,'Sao Chapinero',56),(111,'Suba',56),(112,'Andino',52),(113,'Innovar',52),(114,'Discol',52),(115,'Supecalidades',52),(116,'Hipercentro',52),(117,'Hogares',52),(118,'Lg Gallery',52),(119,'Hicel',51),(120,'Electrodescuentos',51),(121,'Gelmar',51),(122,'Bogota',54),(123,'Albuc1',59),(124,'Albuc2',59),(125,'Ktbuc',59),(126,'Bucaramanga',64),(127,'Mercacentro',64),(128,'Tienda Cabecera',64),(129,'Tienda Cañaveral',64),(130,'Bucaramanga',61),(131,'Cabecera',61),(132,'Cañaveral',61),(133,'Centro',61),(134,'Oriental',61),(135,'Albac',59),(136,'Barrancabermeja',61),(137,'Floridablanca',64),(138,'Caracoli',62),(139,'Girón',64),(140,'Cra 27',60),(141,'Cra 16',60),(142,'Calle 36',60),(143,'Cañaveral',60),(144,'Floridablanca',60),(145,'San Alberto',60),(146,'Cra 15',65),(147,'Calle 36',65),(148,'Grandes Marcas ',65),(149,'Floridablanca',65),(150,'San Alberto',65),(151,'Gamas',63),(152,'Arse 15',63),(153,'Soniko',63),(154,'Teknohogar',63),(155,'Electrogangas',63),(156,'Alca 23',58),(157,'Alca 41',58),(158,'Alca 18',58),(159,'Alfa',58),(160,'Alca 16',58),(161,'Alcatiendas',58),(162,'Singer',58),(163,'Mercomfenalco',58),(164,'Cajasan',58),(165,'Electrodomesticos La 16',58),(166,'Multicreditos La 33',58),(167,'Buenaventura',67),(168,'Buenaventura',66),(169,'Buga',68),(170,'Buga',69),(171,'Buga',74),(172,'Buga',73),(173,'Buga',71),(174,'Buga',72),(175,'Buga',70),(176,'Premiun',78),(177,'Area 10',78),(178,'Area 6',78),(179,'Area 5',78),(180,'Area 2',78),(181,'Alm 17',78),(182,'Alm 16',78),(183,'Cerrito',78),(184,'Calima',84),(185,'Pasoancho',84),(186,'Valle Lili',84),(187,'Cosmocentro',84),(188,'Boulevard',84),(189,'Alfaguara',84),(190,'Calle 11 Cali',79),(191,'Calle 11 Cali',77),(192,'Super Ofertas',77),(193,'Espectacular',77),(194,'Principal',77),(195,'Calle 11 Cali',76),(196,'Calle 11 Cali',88),(197,'Cra 8',88),(198,'Surticreditos',88),(199,'Jamundi',88),(200,'Calle 1 Cali',87),(201,'Calle 11 Cali',85),(202,'Calle 11 Cali',82),(203,'Calle 12 Cali',82),(204,'Alkosto Cali',75),(205,'Alkun',75),(206,'Chipichape',83),(207,'La 70',83),(208,'Limonar',83),(209,'Simon Bolivar',83),(210,'Valle De Lili',83),(211,'Galerias Guadalupe',86),(212,'Sto Av  Sexta',86),(213,'Sto Buenaventura',86),(214,'Sto Sevilla',86),(215,'Galerias Palmira',83),(216,'Marden 47',86),(217,'Sto Tulua',86),(218,'Chipichape',80),(219,'La Flora',80),(220,'San Fernando',80),(221,'Simon Bolivar',80),(222,'Unicali',80),(223,'Unicali',81),(224,'Cartagena',93),(225,'Cartagena',91),(226,'Castellana',91),(227,'Ejecutivos',91),(228,'Matuna',91),(229,'San Diego C',91),(230,'El Castillo',92),(231,'San Felipe',94),(232,'Sto Pie De La Popa',94),(233,'Plazuela',94),(234,'Alamedas Sinu',91),(235,'Pajuela',94),(236,'BC',89),(237,'Matuna',90),(238,'Castellana',90),(239,'Santa Lucia',90),(240,'Cartago',104),(241,'Cartago',102),(242,'Electrojaponesa Cartago',101),(243,'Ibg  Cartago',103),(244,'Muebles BL Cartago',95),(245,'Caucasia',105),(246,'Chia',106),(247,'Libertadores',108),(248,'Ventura',108),(249,'Av Quinta',107),(250,'San Mateo',107),(251,'La Isla Del Conde',112),(252,'Alfa',109),(253,'Panama',113),(254,'Surtihogar',113),(255,'Comodidades',113),(256,'Japolandia',113),(257,'Olimpico',113),(258,'Hymalaya',113),(259,'Av 4',114),(260,'Av 1',114),(261,'Grandes Marcas',114),(262,'Multimarcas',110),(263,'Arse',111),(264,'Duitama',116),(265,'Duitama',118),(266,'Duitama',117),(267,'Duitama',115),(268,'Espinal',119),(269,'Espinal',120),(270,'Espinal',121),(271,'Espinal',122),(272,'Facatativá',123),(273,'Fusa',124),(274,'Girardot',127),(275,'Girardot',129),(276,'Girardot',125),(277,'Super Feria ',126),(278,'Electrodescuentos',126),(279,'Sao Girardot',130),(280,'Girardot',128),(281,'Girardot',129),(282,'Girardot',125),(283,'Girardot',125),(284,'Super Feria ',126),(285,'Sao Girardot',130),(286,'Girardot',128),(287,'Calle 19',132),(288,'Calle 19',136),(289,'Ibagué',136),(290,'Ibague',133),(291,'Ibague',134),(292,'ALIBA',131),(293,'Ibague',134),(294,'Ibague',138),(295,'Ibague',137),(296,'Ibague',135),(297,'Ipiales',141),(298,'Akipi',139),(299,'Ipiales',140),(300,'Itagüí',142),(301,'Jamundi',144),(302,'Jamundi',145),(303,'Jamundi',143),(304,'Lebrija',146),(305,'Manizales',149),(306,'La Pipa',152),(307,'Electrojaponesa Manizales',148),(308,'Muebles Bl Manizales',147),(309,'Ibg Manizales 1',150),(310,'Ibg  Manizales 2',150),(311,'Oportunidades 138',153),(312,'Manizales',151),(313,'Rayco Manizales',154),(314,'Colombia',158),(315,'Del Este',158),(316,'Envigado',158),(317,'Exito Belen',158),(318,'Itagui',158),(319,'Laureles',158),(320,'Molinos',158),(321,'Poblado',158),(322,'Robledo',158),(323,'Sabaneta',158),(324,'San Antonio',158),(325,'San Diego M',158),(326,'San Ignacio',158),(327,'Unicentro M',158),(328,'San Diego',159),(329,'Santa Fe M',159),(330,'Turbo',158),(331,'Bello Centro',158),(332,'Carabobo',163),(333,'Los Molinos',163),(334,'Oviedo',158),(335,'Apartado',158),(336,'Bolivar',160),(337,'Itagui',160),(338,'Parque Berrio',160),(339,'Rionegro',160),(340,'Plazuela',160),(341,'Sucre',160),(342,'Rionegro',161),(343,'Plataforma',161),(344,'Colombia',161),(345,'Principal',164),(346,'El Carmen',164),(347,'El Retiro',164),(348,'La Union',164),(349,'Itagui',164),(350,'Base 3',157),(351,'Base 5',157),(352,'Alapa',155),(353,'Albel',155),(354,'Alcol',155),(355,'Alflo',155),(356,'Alk33',155),(357,'Almol',155),(358,'Alrio',155),(359,'Ktpob',155),(360,'Ktdie',155),(361,'Kttes',155),(362,'La 65',162),(363,'Las Vegas',162),(364,'Premium Plaza',162),(365,'Santafe Medellin',162),(366,'Poblado',156),(367,'Monteria',166),(368,'Centro Monteria',165),(369,'Norte Monteria',165),(370,'Monteria  ',167),(371,'Mosquera',168),(372,'Neiva',172),(373,'Rayco',173),(374,'Neiva',171),(375,'Neiva',170),(376,'Neiva',173),(377,'Neiva',169),(378,'Ocaña',175),(379,'Ocaña',176),(380,'Crediocaña',174),(381,'Palmira',181),(382,'Palmira',178),(383,'Palmira',177),(384,'Palmira 1',184),(385,'Palmira 2',184),(386,'Palmira',183),(387,'Palmira',180),(388,'Sao El Bosque Palmira',182),(389,'Palmira',179),(390,'Akpas',185),(391,'Pasto',190),(392,'Unico',190),(393,'Centro Pasto',188),(394,'Pasto',188),(395,'Akbol',185),(396,'Kra 20',187),(397,'Calle 17',187),(398,'Pasto',186),(399,'Tuquerres',186),(400,'Pasto',189),(401,'Akper',191),(402,'Pereira',198),(403,'Pereira Unicentro',198),(404,'Dos Quebradas',198),(405,'Parque Arboleda ',194),(406,'Pereira Centro',194),(407,'Pereira Cuba',194),(408,'Dosquebradas',194),(409,'Arboleda',195),(410,'Sto Pereira',203),(411,'Sto Bosque',203),(412,'Ibg Cra 8',197),(413,'Ibg Clle 19',197),(414,'Oportunidades 125',200),(415,'Oportunidades 124',200),(416,'Oportunidades 127',200),(417,'Muebles Bl 21',192),(418,'Muebles Bl 37',192),(419,'Pereira',199),(420,'Flamingo Pereira',196),(421,'Jose Duque',201),(422,'Rayco Pereira',204),(423,'Electrojaponesa Pereira',193),(424,'Mercaldas',202),(425,'Piedecuesta',205),(426,'Piedecuesta',206),(427,'Pitalito',207),(428,'Principal Popayan',209),(429,'Principal Popayan',208),(430,'Popayán',214),(431,'Popayán',211),(432,'Popayán',212),(433,'Sao Popayan ',213),(434,'Sto Popayan',213),(435,'Centro Popayan',210),(436,'Panamericana Popayan',210),(437,'Riohacha',216),(438,'Riohacha',215),(439,'Rio Negro',217),(440,'Rio Negro',219),(441,'Ríonegro',218),(442,'San Gil',220),(443,'San Gil',221),(444,'Santa Marta',223),(445,'Sao Santa Marta',224),(446,'Buena Vista Santa Marta',222),(447,'Santa Marta',222),(448,'Sincelejo',225),(449,'Sto Sincelejo',226),(450,'Socorro',227),(451,'Socorro',228),(452,'Sogamoso',229),(453,'Sogamoso',231),(454,'Sogamoso',230),(455,'Sogamoso',233),(456,'Sogamoso',234),(457,'Sto Sogamoso',232),(458,'Tulua',235),(459,'Tulua',237),(460,'Tulua',240),(461,'Tulua',239),(462,'Tulua',238),(463,'Tulua',236),(464,'Tunja',242),(465,'Sto Tunja',243),(466,'Tunja',244),(467,'Tunja',244),(468,'Tunja',244),(469,'Tunja',241),(470,'Tunja',245),(471,'Aktuq',246),(472,'Sao Valledupar',249),(473,'Valledupar',248),(474,'Valledupar',247),(475,'Akvil',250),(476,'Villavicencio',255),(477,'Centro Villavicencio',251),(478,'La Sabana ',251),(479,'Unicentro V',251),(480,'Hogares Electrodomesticos',254),(481,'Innovar Villavicencio',254),(482,'Mundo Electrodomestico Del Llano',252),(483,'Oportunidades Villavicencio',256),(484,'Ibg Villavicencio',253),(485,'Rayco Villavicencio',257),(486,'Akyop',259),(487,'Exito Yopal',260),(488,'Mundo Electrodomestico Yopal',261),(489,'Innovar Yopal',263),(490,'Ibg Yopal',262),(491,'Rayco Yopal',265),(492,'Oportunidades Yopal',264),(493,'Alca Yopal',258),(494,'Zipaquira',266),(515,'Online',268);
/*!40000 ALTER TABLE `tbl_sells_point` ENABLE KEYS */;
UNLOCK TABLES;

--
-- Table structure for table `tbl_store`
--

DROP TABLE IF EXISTS `tbl_store`;
/*!40101 SET @saved_cs_client     = @@character_set_client */;
/*!40101 SET character_set_client = utf8 */;
CREATE TABLE `tbl_store` (
  `id` int(11) NOT NULL AUTO_INCREMENT,
  `name` varchar(255) NOT NULL,
  `fk_city_id` int(11) NOT NULL,
  PRIMARY KEY (`id`),
  KEY `fk_tbl_store_tbl_city1_idx` (`fk_city_id`),
  CONSTRAINT `fk_tbl_store_tbl_city1` FOREIGN KEY (`fk_city_id`) REFERENCES `tbl_city` (`id`) ON DELETE CASCADE ON UPDATE CASCADE
) ENGINE=InnoDB AUTO_INCREMENT=269 DEFAULT CHARSET=utf8;
/*!40101 SET character_set_client = @saved_cs_client */;

--
-- Dumping data for table `tbl_store`
--

LOCK TABLES `tbl_store` WRITE;
/*!40000 ALTER TABLE `tbl_store` DISABLE KEYS */;
INSERT INTO `tbl_store` VALUES (1,'Botero Lozada',128),(2,'Electrojaponesa',128),(3,'Éxito',128),(4,'Flamingo',128),(5,'IBG',128),(7,'La 14',128),(8,'Olimpica',128),(9,'Rayco',128),(10,'Ventanilla Verde',128),(11,'Yesid Collazos',128),(12,'Coomultrasan',199),(13,'Jumbo',199),(14,'Rayco',199),(15,'Almacen BC',17),(31,'Carco',17),(32,'Colventas',17),(33,'De Todo Para El Hogar',17),(34,'Diselco',17),(35,'Electrocol ',17),(36,'Electroreyes',17),(37,'Éxito',17),(38,'Falabella  ',17),(39,'Jumbo',17),(40,'Olimpica',17),(41,'Rayco',17),(42,'Sercol',17),(43,'Socol',17),(44,'Éxito',1),(45,'Flamingo',1),(46,'Jumbo',1),(47,'Multielectro',1),(48,'Alkosto',62),(49,'Éxito',62),(50,'Falabella',62),(51,'Hicel - Gelmar',62),(52,'Innovar',62),(53,'Jumbo',62),(54,'La 14',62),(55,'La Polar',62),(56,'Olimpica',62),(57,'Ripley',62),(58,'Alca',138),(59,'Alkosto',138),(60,'Coomultrasan',138),(61,'Éxito',138),(62,'Falabella',138),(63,'Gamas',138),(64,'Jumbo',138),(65,'Rayco',138),(66,'Éxito',165),(67,'La 14',165),(68,'Electrojaponesa',166),(69,'Electromillonaria',166),(70,'Éxito',166),(71,'IBG',166),(72,'Jumbo',166),(73,'Rayco',166),(74,'Surticreditos ',166),(75,'Alkosto',169),(76,'Arpesod',169),(77,'Credigane',169),(78,'Electrojaponesa',169),(79,'Electromillonaria',169),(80,'Éxito',169),(81,'Falabella  ',169),(82,'IBG',169),(83,'Jumbo',169),(84,'La 14',169),(85,'Lagobo',169),(86,'Olimpica',169),(87,'Rayco',169),(88,'Surticreditos ',169),(89,'Almacen BC',24),(90,'Elektroas',24),(91,'Éxito',24),(92,'Falabella  ',24),(93,'Jumbo',24),(94,'Olimpica',24),(95,'Botero Lozada',171),(101,'Electrojaponesa',171),(102,'Éxito',171),(103,'IBG',171),(104,'Jumbo',171),(105,'Éxito',16),(106,'Jumbo',67),(107,'Éxito',123),(108,'Jumbo',123),(109,'Alca',123),(110,'Francisco Conde',123),(111,'Gamas',123),(112,'HVC',123),(113,'Jairo Patiño',123),(114,'Rayco',123),(115,'IBG',31),(116,'Jumbo',31),(117,'Rayco',31),(118,'Sergo',31),(119,'IBG',151),(120,'Lagobo',151),(121,'Mercacentro',151),(122,'Rayco',151),(123,'Jumbo',74),(124,'Éxito',77),(125,'Éxito',79),(126,'Hicel - Gelmar',79),(127,'IBG',79),(128,'Jumbo',79),(129,'Muebles BL',79),(130,'Olimpica',79),(131,'Alkosto',155),(132,'Electromillonaria',155),(133,'Éxito',155),(134,'Flamingo',155),(135,'IBG',155),(136,'Jumbo',155),(137,'Lagobo',155),(138,'Mercacentro',155),(139,'Alkosto',121),(140,'Arpesod',121),(141,'Éxito',121),(142,'Jumbo',6),(143,'Credigane',181),(144,'Electrojaponesa',181),(145,'Electromillonaria',181),(146,'Coomultrasan',141),(147,'Botero Lozada',47),(148,'Electrojaponesa',47),(149,'Éxito',47),(150,'IBG',47),(151,'La 14',47),(152,'La Pipa Comercializadora',47),(153,'Lagobo',47),(154,'Rayco',47),(155,'Alkosto',11),(156,'Coomultrasan',11),(157,'Credititulos',11),(158,'Éxito',11),(159,'Falabella  ',11),(160,'Flamingo',11),(161,'Hogar y Moda',11),(162,'Jumbo',11),(163,'La Polar',11),(164,'Multielectro',11),(165,'Éxito',59),(166,'Jumbo',59),(167,'Olimpica',59),(168,'Jumbo',85),(169,'Éxito',114),(170,'Hicel - Gelmar',114),(171,'IBG',114),(172,'Olimpica',114),(173,'Rayco',114),(174,'Alca',201),(175,'Coomultrasan',201),(176,'Rayco',201),(177,'Credigane',186),(178,'Electromillonaria',186),(179,'Éxito',186),(180,'IBG',186),(181,'La 14',186),(182,'Olimpica',186),(183,'Rayco',186),(184,'Surticreditos',186),(185,'Alkosto',122),(186,'Arpesod',122),(187,'Electromillonaria',122),(188,'Éxito',122),(189,'IBG',122),(190,'Jumbo',122),(191,'Alkosto',135),(192,'Botero Lozada',135),(193,'Electrojaponesa',135),(194,'Éxito',135),(195,'Falabella  ',135),(196,'Flamingo',135),(197,'IBG',135),(198,'Jumbo',135),(199,'La 14',135),(200,'Lagobo',135),(201,'Luz Fanny Lopez',135),(202,'Mercaldas',135),(203,'Olimpica',135),(204,'Rayco',135),(205,'Coomultrasan',143),(206,'Rayco',143),(207,'Éxito',202),(208,'Arpesod',52),(209,'Electromillonaria',52),(210,'Éxito',52),(211,'IBG',52),(212,'Jumbo',52),(213,'Olimpica',52),(214,'Rayco',52),(215,'Jumbo',112),(216,'Olimpica',112),(217,'Éxito',12),(218,'Jumbo',12),(219,'Multielectro',12),(220,'Coomultrasan',145),(221,'Rayco',145),(222,'Éxito',118),(223,'Jumbo',118),(224,'Olimpica',118),(225,'Éxito',147),(226,'Olimpica',147),(227,'Coomultrasan',146),(228,'Rayco',146),(229,'Éxito',39),(230,'Hiperofertas',39),(231,'Jumbo',39),(232,'Olimpica',39),(233,'Rayco',39),(234,'Sergo',39),(235,'Electrojaponesa',193),(236,'Éxito',193),(237,'La 14',193),(238,'Lagobo',193),(239,'Rayco',193),(240,'Surticreditos ',193),(241,'IBG',43),(242,'Jumbo',43),(243,'Olimpica',43),(244,'Rayco',43),(245,'Sergo',43),(246,'Alkosto',203),(247,'Éxito',57),(248,'Jumbo',57),(249,'Olimpica',57),(250,'Alkosto',120),(251,'Éxito',120),(252,'Hiperofertas',120),(253,'IBG',120),(254,'Innovar',120),(255,'Jumbo',120),(256,'Lagobo',120),(257,'Rayco',120),(258,'Alca',204),(259,'Alkosto',204),(260,'Éxito',204),(261,'Hiperofertas',204),(262,'IBG',204),(263,'Innovar',204),(264,'Lagobo',204),(265,'Rayco',204),(266,'Jumbo',110),(268,'Online',205);
/*!40000 ALTER TABLE `tbl_store` ENABLE KEYS */;
UNLOCK TABLES;

--
-- Table structure for table `tbl_tv`
--

DROP TABLE IF EXISTS `tbl_tv`;
/*!40101 SET @saved_cs_client     = @@character_set_client */;
/*!40101 SET character_set_client = utf8 */;
CREATE TABLE `tbl_tv` (
  `id` int(11) NOT NULL AUTO_INCREMENT,
  `reference` varchar(200) NOT NULL,
  `description` text,
  `created_at` timestamp NOT NULL DEFAULT CURRENT_TIMESTAMP,
  PRIMARY KEY (`id`)
) ENGINE=InnoDB AUTO_INCREMENT=53 DEFAULT CHARSET=utf8;
/*!40101 SET character_set_client = @saved_cs_client */;

--
-- Dumping data for table `tbl_tv`
--

LOCK TABLES `tbl_tv` WRITE;
/*!40000 ALTER TABLE `tbl_tv` DISABLE KEYS */;
INSERT INTO `tbl_tv` VALUES (1,'32LB551A',NULL,'2014-09-10 20:31:40'),(2,'32LB561D',NULL,'2014-09-10 20:31:40'),(3,'32LB580D',NULL,'2014-09-10 20:31:40'),(4,'32LB620D',NULL,'2014-09-10 20:31:40'),(5,'39LB650T',NULL,'2014-09-10 20:31:40'),(6,'40UB800T',NULL,'2014-09-10 20:31:40'),(7,'42LB550T',NULL,'2014-09-10 20:31:40'),(8,'42LB561T',NULL,'2014-09-10 20:31:40'),(9,'42LB580T',NULL,'2014-09-10 20:31:40'),(10,'42LB620T',NULL,'2014-09-10 20:31:40'),(11,'42LB650T',NULL,'2014-09-10 20:31:40'),(12,'42LB700T',NULL,'2014-09-10 20:31:40'),(13,'42UB820T',NULL,'2014-09-10 20:31:40'),(14,'47LB561T',NULL,'2014-09-10 20:31:40'),(15,'47LB580T',NULL,'2014-09-10 20:31:40'),(16,'47LB650T',NULL,'2014-09-10 20:31:40'),(17,'47LB700T',NULL,'2014-09-10 20:31:40'),(18,'49LB550T',NULL,'2014-09-10 20:31:40'),(19,'49UB820T',NULL,'2014-09-10 20:31:40'),(20,'49UB830T',NULL,'2014-09-10 20:31:40'),(21,'49UB850T',NULL,'2014-09-10 20:31:40'),(22,'50LB650T',NULL,'2014-09-10 20:31:40'),(23,'55EA980T','<p>\n	<span style=\"color: rgb(0, 0, 0); font-family: Arial, Helvetica, sans-serif; font-size: 11px; line-height: 15.7142858505249px; white-space: nowrap; background-color: rgb(247, 247, 247);\">2013 OLED / Smart TV NC4.0</span></p>\n','2014-09-10 20:31:40'),(24,'55EA880T','<p>\n	<span style=\"color: rgb(0, 0, 0); font-family: Arial, Helvetica, sans-serif; font-size: 11px; line-height: 15.7142858505249px; white-space: nowrap; background-color: rgb(217, 235, 245);\">2013 OLED / Smart TV NC4.0</span></p>\n','2014-09-10 20:31:40'),(25,'55EA970T','<p>\n	2013 OLED / Smart TV NC4.0</p>\n','2014-09-10 20:31:40'),(28,'55EC930T','<p>\n	<span style=\"color: rgb(0, 0, 0); font-family: Arial, Helvetica, sans-serif; font-size: 11px; line-height: 15.7142858505249px; white-space: nowrap;\">2014 OLED / Smart TV NC4.5</span></p>\n','2014-09-10 20:31:40'),(29,'55LA965T','<p>\n	2013 ULTRA HD / Smart TV NC4.0</p>\n','2014-09-10 20:31:40'),(30,'55LA970T','<p>\n	<span style=\"color: rgb(0, 0, 0); font-family: Arial, Helvetica, sans-serif; font-size: 11px; line-height: 15.7142858505249px; white-space: nowrap;\">2013 ULTRA HD / Smart TV NC4.0</span></p>\n','2014-09-10 20:31:40'),(31,'55LB650T',NULL,'2014-09-10 20:31:40'),(32,'55LB700T',NULL,'2014-09-10 20:31:40'),(33,'55LB870T',NULL,'2014-09-10 20:31:40'),(34,'55UB820T','<p>\n	<span style=\"color: rgb(0, 0, 0); font-family: Arial, Helvetica, sans-serif; font-size: 11px; line-height: 15.7142858505249px; white-space: nowrap;\">2014 ULTRA HD / Smart TV NC4.5</span></p>\n','2014-09-10 20:31:40'),(35,'55UB830T',NULL,'2014-09-10 20:31:40'),(36,'55UB850T',NULL,'2014-09-10 20:31:40'),(37,'55UC970T',NULL,'2014-09-10 20:31:40'),(38,'60LB650T',NULL,'2014-09-10 20:31:40'),(39,'60LB870T',NULL,'2014-09-10 20:31:40'),(40,'65EC970T',NULL,'2014-09-10 20:31:40'),(41,'65LA965T',NULL,'2014-09-10 20:31:40'),(42,'65LA970T',NULL,'2014-09-10 20:31:40'),(43,'65LB650T',NULL,'2014-09-10 20:31:40'),(44,'65UB950T',NULL,'2014-09-10 20:31:40'),(45,'65UC970T',NULL,'2014-09-10 20:31:40'),(46,'70LB720T',NULL,'2014-09-10 20:31:40'),(47,'77EC980T',NULL,'2014-09-10 20:31:40'),(48,'79UB980T',NULL,'2014-09-10 20:31:40'),(49,'84LA980T',NULL,'2014-09-10 20:31:40'),(50,'84UB980T',NULL,'2014-09-10 20:31:40'),(51,'98UB980T',NULL,'2014-09-10 20:31:40'),(52,'65UB980T',NULL,'2014-09-26 20:21:26');
/*!40000 ALTER TABLE `tbl_tv` ENABLE KEYS */;
UNLOCK TABLES;

--
-- Table structure for table `tbl_txt_promocode`
--

DROP TABLE IF EXISTS `tbl_txt_promocode`;
/*!40101 SET @saved_cs_client     = @@character_set_client */;
/*!40101 SET character_set_client = utf8 */;
CREATE TABLE `tbl_txt_promocode` (
  `id` int(11) NOT NULL AUTO_INCREMENT,
  `value` varchar(255) NOT NULL,
  PRIMARY KEY (`id`)
) ENGINE=InnoDB AUTO_INCREMENT=2 DEFAULT CHARSET=utf8;
/*!40101 SET character_set_client = @saved_cs_client */;

--
-- Dumping data for table `tbl_txt_promocode`
--

LOCK TABLES `tbl_txt_promocode` WRITE;
/*!40000 ALTER TABLE `tbl_txt_promocode` DISABLE KEYS */;
INSERT INTO `tbl_txt_promocode` VALUES (1,'.');
/*!40000 ALTER TABLE `tbl_txt_promocode` ENABLE KEYS */;
UNLOCK TABLES;

--
-- Table structure for table `tbl_user`
--

DROP TABLE IF EXISTS `tbl_user`;
/*!40101 SET @saved_cs_client     = @@character_set_client */;
/*!40101 SET character_set_client = utf8 */;
CREATE TABLE `tbl_user` (
  `id` int(11) NOT NULL AUTO_INCREMENT,
  `email` varchar(255) NOT NULL,
  `nid` varchar(255) NOT NULL,
  `name` varchar(255) DEFAULT NULL,
  `lastname` varchar(255) DEFAULT NULL,
  `cellphone` varchar(255) DEFAULT NULL,
  `nid_img_front` text,
  `nid_img_back` text,
  `created_at` timestamp NOT NULL DEFAULT CURRENT_TIMESTAMP,
  `last_login` datetime NOT NULL,
  `verified` enum('si','no') NOT NULL DEFAULT 'no',
  PRIMARY KEY (`id`),
  UNIQUE KEY `nid_UNIQUE` (`nid`)
) ENGINE=InnoDB AUTO_INCREMENT=107 DEFAULT CHARSET=utf8;
/*!40101 SET character_set_client = @saved_cs_client */;

--
-- Dumping data for table `tbl_user`
--

LOCK TABLES `tbl_user` WRITE;
/*!40000 ALTER TABLE `tbl_user` DISABLE KEYS */;
/*!40000 ALTER TABLE `tbl_user` ENABLE KEYS */;
UNLOCK TABLES;

--
-- Table structure for table `tbl_user_codes`
--

DROP TABLE IF EXISTS `tbl_user_codes`;
/*!40101 SET @saved_cs_client     = @@character_set_client */;
/*!40101 SET character_set_client = utf8 */;
CREATE TABLE `tbl_user_codes` (
  `fk_user_id` int(11) NOT NULL,
  `fk_codes_id` int(11) NOT NULL,
  PRIMARY KEY (`fk_codes_id`,`fk_user_id`),
  KEY `fk_tbl_user_codes_tbl_user1_idx` (`fk_user_id`),
  CONSTRAINT `fk_tbl_user_codes_tbl_user1` FOREIGN KEY (`fk_user_id`) REFERENCES `tbl_user` (`id`) ON DELETE CASCADE ON UPDATE CASCADE,
  CONSTRAINT `fk_tbl_user_codes_tbl_codes1` FOREIGN KEY (`fk_codes_id`) REFERENCES `tbl_codes` (`id`) ON DELETE CASCADE ON UPDATE CASCADE
) ENGINE=InnoDB DEFAULT CHARSET=utf8;
/*!40101 SET character_set_client = @saved_cs_client */;

--
-- Dumping data for table `tbl_user_codes`
--

LOCK TABLES `tbl_user_codes` WRITE;
/*!40000 ALTER TABLE `tbl_user_codes` DISABLE KEYS */;
/*!40000 ALTER TABLE `tbl_user_codes` ENABLE KEYS */;
UNLOCK TABLES;

--
-- Table structure for table `test_stores`
--

DROP TABLE IF EXISTS `test_stores`;
/*!40101 SET @saved_cs_client     = @@character_set_client */;
/*!40101 SET character_set_client = utf8 */;
CREATE TABLE `test_stores` (
  `id` int(3) NOT NULL AUTO_INCREMENT,
  `ciudad` varchar(15) DEFAULT NULL,
  `cadena` varchar(24) DEFAULT NULL,
  `almacen` varchar(32) DEFAULT NULL,
  `ciudad_id` int(11) DEFAULT NULL,
  `cadena_id` int(11) DEFAULT NULL,
  PRIMARY KEY (`id`)
) ENGINE=InnoDB AUTO_INCREMENT=496 DEFAULT CHARSET=utf8;
/*!40101 SET character_set_client = @saved_cs_client */;

--
-- Dumping data for table `test_stores`
--

LOCK TABLES `test_stores` WRITE;
/*!40000 ALTER TABLE `test_stores` DISABLE KEYS */;
INSERT INTO `test_stores` VALUES (1,'Armenia','Éxito','Cristal Armenia',128,3),(2,'Armenia','Éxito','Unicentro Armenia',128,3),(3,'Armenia','Olimpica','Armenia',128,8),(4,'Armenia','Olimpica','Portal Del Quindio ',128,8),(5,'Armenia','IBG','Ibg  Armenia',128,5),(6,'Armenia','Botero Lozada','Muebles Bl Armenia',128,1),(7,'Armenia','Flamingo','Flamingo  Armenia',128,4),(8,'Armenia','Ventanilla Verde','Ventanilla Verde',128,10),(9,'Armenia','Yesid Collazos','Casa Del Mueble',128,11),(10,'Armenia','Rayco','Rayco Armenia',128,9),(11,'Armenia','La 14','Armenia',128,7),(12,'Armenia','Electrojaponesa','Electrojaponesa Armenia',128,2),(13,'Barrancabermeja','Jumbo','San Silvestre',199,13),(14,'Barrancabermeja','Coomultrasan','Barrancabermeja',199,12),(15,'Barrancabermeja','Rayco','Barrancabermeja',199,14),(16,'Barranquilla','Almacen BC','Almacen BC',17,15),(17,'Barranquilla','Electrocol ','Electrocol 76',17,35),(18,'Barranquilla','Electrocol ','Electrocol Centro',17,35),(19,'Barranquilla','Electroreyes','Electroreyes',17,36),(20,'Barranquilla','De Todo Para El Hogar','De Todo Para El Hogar',17,33),(21,'Barranquilla','Diselco','Diselco Principal',17,34),(22,'Barranquilla','Diselco','Diselco Privilegio',17,34),(23,'Barranquilla','Diselco','Diselco Friohogar',17,34),(24,'Barranquilla','Rayco','Hiper Rayco',17,41),(25,'Barranquilla','Rayco','Rayco Centro',17,41),(26,'Barranquilla','Socol','Socol',17,43),(27,'Barranquilla','Sercol','Sercol',17,42),(28,'Barranquilla','Carco','Carco',17,31),(29,'Barranquilla','Colventas','Colventas',17,32),(30,'Barranquilla','Jumbo','Americano',17,39),(31,'Barranquilla','Jumbo','Barranquilla',17,39),(32,'Barranquilla','Jumbo','Buena Vista',17,39),(33,'Barranquilla','Jumbo','Calle 30',17,39),(34,'Barranquilla','Olimpica','Calle 53',17,40),(35,'Barranquilla','Olimpica','Calle 93',17,40),(36,'Barranquilla','Olimpica','Hipodromo',17,40),(37,'Barranquilla','Olimpica','Macarena',17,40),(38,'Barranquilla','Éxito','Murillo',17,37),(39,'Barranquilla','Éxito','Panorama',17,37),(40,'Barranquilla','Éxito','Buenavista Barranquilla',17,37),(41,'Barranquilla','Éxito','San Francisco',17,37),(42,'Barranquilla','Falabella  ','Villa Country',17,38),(43,'Barranquilla','Éxito','La 22',17,37),(44,'Barranquilla','Éxito','Barranquilla',17,37),(45,'Bello','Éxito','Bello',1,44),(46,'Bello','Flamingo','Bello',1,45),(47,'Bello','Multielectro','Bello',1,47),(48,'Bello','Jumbo','Bello',1,46),(49,'Bogotá','Éxito','Chapinero',62,49),(50,'Bogotá','Éxito','Cll 80',62,49),(51,'Bogotá','Éxito','Colina',62,49),(52,'Bogotá','Éxito','Country',62,49),(53,'Bogotá','Éxito','Floresta',62,49),(54,'Bogotá','Éxito','Norte',62,49),(55,'Bogotá','Éxito','Suba',62,49),(56,'Bogotá','Éxito','Unicentro B',62,49),(57,'Bogotá','La 14','Centro',62,54),(58,'Bogotá','Falabella  ','Centro Mayor',62,50),(59,'Bogotá','Falabella  ','Galerias',62,50),(60,'Bogotá','Falabella  ','Hayuelos',62,50),(61,'Bogotá','Falabella  ','Santa Fe B',62,50),(62,'Bogotá','Falabella  ','Suba',62,50),(63,'Bogotá','Falabella  ','Titan',62,50),(64,'Bogotá','Falabella  ','Unicentro',62,50),(65,'Bogotá','La Polar','Floresta',62,55),(66,'Bogotá','La Polar','Centro Mayor',62,55),(67,'Bogotá','Ripley','Centro Mayor',62,57),(68,'Bogotá','Ripley','Calima',62,57),(69,'Bogotá','Éxito','Americas',62,49),(70,'Bogotá','Éxito','Bosa',62,49),(71,'Bogotá','Éxito','Fontibon',62,49),(72,'Bogotá','Éxito','Salitre',62,49),(73,'Bogotá','Éxito','Gran Estacion',62,49),(74,'Bogotá','Éxito','Tunal',62,49),(75,'Bogotá','Éxito','Usme',62,49),(76,'Bogotá','Éxito','Villa Mayor',62,49),(77,'Bogotá','Jumbo','20 De Julio',62,53),(78,'Bogotá','Jumbo','Autopista Sur',62,53),(79,'Bogotá','Jumbo','Banderas',62,53),(80,'Bogotá','Jumbo','Bosa',62,53),(81,'Bogotá','Jumbo','Cra 30',62,53),(82,'Bogotá','Jumbo','Fontibón',62,53),(83,'Bogotá','Jumbo','Hayuelos',62,53),(84,'Bogotá','Jumbo','San Cayetano',62,53),(85,'Bogotá','Jumbo','Alqueria',62,53),(86,'Bogotá','Jumbo','Tintalito',62,53),(87,'Bogotá','Jumbo','Soacha',62,53),(88,'Bogotá','Alkosto','Ktjul',62,48),(89,'Bogotá','Alkosto','Ktuno',62,48),(90,'Bogotá','Alkosto','Ktame',62,48),(91,'Bogotá','Alkosto','Ktb94',62,48),(92,'Bogotá','Alkosto','Ktmay',62,48),(93,'Bogotá','Alkosto','Ktsal',62,48),(94,'Bogotá','Alkosto','Ktsba',62,48),(95,'Bogotá','Alkosto','Kttit',62,48),(96,'Bogotá','Alkosto','Ak170',62,48),(97,'Bogotá','Alkosto','Akb30',62,48),(98,'Bogotá','Alkosto','Akb68',62,48),(99,'Bogotá','Alkosto','Akven',62,48),(100,'Bogotá','Jumbo','Bulevar',62,53),(101,'Bogotá','Jumbo','Calle 170',62,53),(102,'Bogotá','Jumbo','Calle 80',62,53),(103,'Bogotá','Jumbo','Floresta',62,53),(104,'Bogotá','Jumbo','Iserra 100',62,53),(105,'Bogotá','Jumbo','Santa Ana',62,53),(106,'Bogotá','Jumbo','Santa Fe',62,53),(107,'Bogotá','Jumbo','Suba',62,53),(108,'Bogotá','Olimpica','Plaza De Las Américas ',62,56),(109,'Bogotá','Olimpica','Portal De La 80',62,56),(110,'Bogotá','Olimpica','Sao Chapinero',62,56),(111,'Bogotá','Olimpica','Suba',62,56),(112,'Bogotá','Innovar','Andino',62,52),(113,'Bogotá','Innovar','Innovar',62,52),(114,'Bogotá','Innovar','Discol',62,52),(115,'Bogotá','Innovar','Supecalidades',62,52),(116,'Bogotá','Innovar','Hipercentro',62,52),(117,'Bogotá','Innovar','Hogares',62,52),(118,'Bogotá','Innovar','Lg Gallery',62,52),(119,'Bogotá','Hicel - Gelmar','Hicel',62,51),(120,'Bogotá','Hicel - Gelmar','Electrodescuentos',62,51),(121,'Bogotá','Hicel - Gelmar','Gelmar',62,51),(122,'Bogotá','La 14','Bogota',62,54),(123,'Bucaramanga','Alkosto','Albuc1',138,59),(124,'Bucaramanga','Alkosto','Albuc2',138,59),(125,'Bucaramanga','Alkosto','Ktbuc',138,59),(126,'Bucaramanga','Jumbo','Bucaramanga',138,64),(127,'Bucaramanga','Jumbo','Mercacentro',138,64),(128,'Bucaramanga','Jumbo','Tienda Cabecera',138,64),(129,'Bucaramanga','Jumbo','Tienda Cañaveral',138,64),(130,'Bucaramanga','Éxito','Bucaramanga',138,61),(131,'Bucaramanga','Éxito','Cabecera',138,61),(132,'Bucaramanga','Éxito','Cañaveral',138,61),(133,'Bucaramanga','Éxito','Centro',138,61),(134,'Bucaramanga','Éxito','Oriental',138,61),(135,'Bucaramanga','Alkosto','Albac',138,59),(136,'Bucaramanga','Éxito','Barrancabermeja',138,61),(137,'Bucaramanga','Jumbo','Floridablanca',138,64),(138,'Bucaramanga','Falabella  ','Caracoli',138,62),(139,'Bucaramanga','Jumbo','Girón',138,64),(140,'Bucaramanga','Coomultrasan','Cra 27',138,60),(141,'Bucaramanga','Coomultrasan','Cra 16',138,60),(142,'Bucaramanga','Coomultrasan','Calle 36',138,60),(143,'Bucaramanga','Coomultrasan','Cañaveral',138,60),(144,'Bucaramanga','Coomultrasan','Floridablanca',138,60),(145,'Bucaramanga','Coomultrasan','San Alberto',138,60),(146,'Bucaramanga','Rayco','Cra 15',138,65),(147,'Bucaramanga','Rayco','Calle 36',138,65),(148,'Bucaramanga','Rayco','Grandes Marcas ',138,65),(149,'Bucaramanga','Rayco','Floridablanca',138,65),(150,'Bucaramanga','Rayco','San Alberto',138,65),(151,'Bucaramanga','Gamas','Gamas',138,63),(152,'Bucaramanga','Gamas','Arse 15',138,63),(153,'Bucaramanga','Gamas','Soniko',138,63),(154,'Bucaramanga','Gamas','Teknohogar',138,63),(155,'Bucaramanga','Gamas','Electrogangas',138,63),(156,'Bucaramanga','Alca','Alca 23',138,58),(157,'Bucaramanga','Alca','Alca 41',138,58),(158,'Bucaramanga','Alca','Alca 18',138,58),(159,'Bucaramanga','Alca','Alfa',138,58),(160,'Bucaramanga','Alca','Alca 16',138,58),(161,'Bucaramanga','Alca','Alcatiendas',138,58),(162,'Bucaramanga','Alca','Singer',138,58),(163,'Bucaramanga','Alca','Mercomfenalco',138,58),(164,'Bucaramanga','Alca','Cajasan',138,58),(165,'Bucaramanga','Alca','Electrodomesticos La 16',138,58),(166,'Bucaramanga','Alca','Multicreditos La 33',138,58),(167,'Buenaventura','La 14','Buenaventura',165,67),(168,'Buenaventura','Éxito','Buenaventura',165,66),(169,'Buga','Electrojaponesa','Buga',166,68),(170,'Buga','Electromillonaria','Buga',166,69),(171,'Buga','Surticreditos ','Buga',166,74),(172,'Buga','Rayco','Buga',166,73),(173,'Buga','IBG','Buga',166,71),(174,'Buga','Jumbo','Buga',166,72),(175,'Buga','Éxito','Buga',166,70),(176,'Cali','Electrojaponesa','Premiun',169,78),(177,'Cali','Electrojaponesa','Area 10',169,78),(178,'Cali','Electrojaponesa','Area 6',169,78),(179,'Cali','Electrojaponesa','Area 5',169,78),(180,'Cali','Electrojaponesa','Area 2',169,78),(181,'Cali','Electrojaponesa','Alm 17',169,78),(182,'Cali','Electrojaponesa','Alm 16',169,78),(183,'Cali','Electrojaponesa','Cerrito',169,78),(184,'Cali','La 14','Calima',169,84),(185,'Cali','La 14','Pasoancho',169,84),(186,'Cali','La 14','Valle Lili',169,84),(187,'Cali','La 14','Cosmocentro',169,84),(188,'Cali','La 14','Boulevard',169,84),(189,'Cali','La 14','Alfaguara',169,84),(190,'Cali','Electromillonaria','Calle 11 Cali',169,79),(191,'Cali','Credigane','Calle 11 Cali',169,77),(192,'Cali','Credigane','Super Ofertas',169,77),(193,'Cali','Credigane','Espectacular',169,77),(194,'Cali','Credigane','Principal',169,77),(195,'Cali','Arpesod','Calle 11 Cali',169,76),(196,'Cali','Surticreditos ','Calle 11 Cali',169,88),(197,'Cali','Surticreditos ','Cra 8',169,88),(198,'Cali','Surticreditos ','Surticreditos',169,88),(199,'Cali','Surticreditos ','Jamundi',169,88),(200,'Cali','Rayco','Calle 1 Cali',169,87),(201,'Cali','Lagobo','Calle 11 Cali',169,85),(202,'Cali','IBG','Calle 11 Cali',169,82),(203,'Cali','IBG','Calle 12 Cali',169,82),(204,'Cali','Alkosto','Alkosto Cali',169,75),(205,'Cali','Alkosto','Alkun',169,75),(206,'Cali','Jumbo','Chipichape',169,83),(207,'Cali','Jumbo','La 70',169,83),(208,'Cali','Jumbo','Limonar',169,83),(209,'Cali','Jumbo','Simon Bolivar',169,83),(210,'Cali','Jumbo','Valle De Lili',169,83),(211,'Cali','Olimpica','Galerias Guadalupe',169,86),(212,'Cali','Olimpica','Sto Av  Sexta',169,86),(213,'Cali','Olimpica','Sto Buenaventura',169,86),(214,'Cali','Olimpica','Sto Sevilla',169,86),(215,'Cali','Jumbo','Galerias Palmira',169,83),(216,'Cali','Olimpica','Marden 47',169,86),(217,'Cali','Olimpica','Sto Tulua',169,86),(218,'Cali','Éxito','Chipichape',169,80),(219,'Cali','Éxito','La Flora',169,80),(220,'Cali','Éxito','San Fernando',169,80),(221,'Cali','Éxito','Simon Bolivar',169,80),(222,'Cali','Éxito','Unicali',169,80),(223,'Cali','Falabella  ','Unicali',169,81),(224,'Cartagena','Jumbo','Cartagena',24,93),(225,'Cartagena','Éxito','Cartagena',24,91),(226,'Cartagena','Éxito','Castellana',24,91),(227,'Cartagena','Éxito','Ejecutivos',24,91),(228,'Cartagena','Éxito','Matuna',24,91),(229,'Cartagena','Éxito','San Diego C',24,91),(230,'Cartagena','Falabella  ','El Castillo',24,92),(231,'Cartagena','Olimpica','San Felipe',24,94),(232,'Cartagena','Olimpica','Sto Pie De La Popa',24,94),(233,'Cartagena','Olimpica','Plazuela',24,94),(234,'Cartagena','Éxito','Alamedas Sinu',24,91),(235,'Cartagena','Olimpica','Pajuela',24,94),(236,'Cartagena','Almacen BC','BC',24,89),(237,'Cartagena','Elektroas','Matuna',24,90),(238,'Cartagena','Elektroas','Castellana',24,90),(239,'Cartagena','Elektroas','Santa Lucia',24,90),(240,'Cartago ','Jumbo','Cartago',171,104),(241,'Cartago ','Éxito','Cartago',171,102),(242,'Cartago ','Electrojaponesa','Electrojaponesa Cartago',171,101),(243,'Cartago ','IBG','Ibg  Cartago',171,103),(244,'Cartago ','Botero Lozada','Muebles BL Cartago',171,95),(245,'Caucasia','Éxito','Caucasia',16,105),(246,'Chía','Jumbo','Chia',67,106),(247,'Cucuta','Jumbo','Libertadores',123,108),(248,'Cucuta','Jumbo','Ventura',123,108),(249,'Cucuta','Éxito','Av Quinta',123,107),(250,'Cucuta','Éxito','San Mateo',123,107),(251,'Cúcuta','HVC','La Isla Del Conde',123,112),(252,'Cúcuta','Alca','Alfa',123,109),(253,'Cúcuta','Jairo Patiño','Panama',123,113),(254,'Cúcuta','Jairo Patiño','Surtihogar',123,113),(255,'Cúcuta','Jairo Patiño','Comodidades',123,113),(256,'Cúcuta','Jairo Patiño','Japolandia',123,113),(257,'Cúcuta','Jairo Patiño','Olimpico',123,113),(258,'Cúcuta','Jairo Patiño','Hymalaya',123,113),(259,'Cúcuta','Rayco','Av 4',123,114),(260,'Cúcuta','Rayco','Av 1',123,114),(261,'Cúcuta','Rayco','Grandes Marcas',123,114),(262,'Cúcuta','Francisco Conde','Multimarcas',123,110),(263,'Cúcuta','Gamas','Arse',123,111),(264,'Duitama','Jumbo','Duitama',31,116),(265,'Duitama','Sergo','Duitama',31,118),(266,'Duitama','Rayco','Duitama',31,117),(267,'Duitama','IBG','Duitama',31,115),(268,'Espinal','IBG','Espinal',151,119),(269,'Espinal','Lagobo','Espinal',151,120),(270,'Espinal','Mercacentro','Espinal',151,121),(271,'Espinal','Rayco','Espinal',151,122),(272,'Facatativá','Jumbo','Facatativá',74,123),(273,'Fusagasugá','Éxito','Fusa',77,124),(274,'Girardot','IBG','Girardot',79,127),(275,'Girardot','Muebles BL','Girardot',79,129),(276,'Girardot','Éxito','Girardot',79,125),(277,'Girardot','Hicel - Gelmar','Super Feria ',79,126),(278,'Girardot','Hicel - Gelmar','Electrodescuentos',79,126),(279,'Girardot','Olimpica','Sao Girardot',79,130),(280,'Girardot','Jumbo','Girardot',79,128),(281,'Girardot','Muebles BL','Girardot',79,129),(282,'Girardot','Éxito','Girardot',79,125),(283,'Girardot','Éxito','Girardot',79,125),(284,'Girardot','Hicel - Gelmar','Super Feria ',79,126),(285,'Girardot','Olimpica','Sao Girardot',79,130),(286,'Girardot','Jumbo','Girardot',79,128),(287,'Ibagué','Electromillonaria','Calle 19',155,132),(288,'Ibagué','Jumbo','Calle 19',155,136),(289,'Ibagué','Jumbo','Ibagué',155,136),(290,'Ibagué','Éxito','Ibague',155,133),(291,'Ibagué','Flamingo','Ibague',155,134),(292,'Ibagué','Alkosto','ALIBA',155,131),(293,'Ibagué','Flamingo','Ibague',155,134),(294,'Ibagué','Mercacentro','Ibague',155,138),(295,'Ibagué','Lagobo','Ibague',155,137),(296,'Ibagué','IBG','Ibague',155,135),(297,'Ipiales','Éxito','Ipiales',121,141),(298,'Ipiales','Alkosto','Akipi',121,139),(299,'Ipiales','Arpesod','Ipiales',121,140),(300,'Itagui','Jumbo','Itagüí',6,142),(301,'Jamundi','Electrojaponesa','Jamundi',181,144),(302,'Jamundi','Electromillonaria','Jamundi',181,145),(303,'Jamundi','Credigane','Jamundi',181,143),(304,'Lebrija','Coomultrasan','Lebrija',141,146),(305,'Manizales','Éxito','Manizales',47,149),(306,'Manizales','La Pipa Comercializadora','La Pipa',47,152),(307,'Manizales','Electrojaponesa','Electrojaponesa Manizales',47,148),(308,'Manizales','Botero Lozada','Muebles Bl Manizales',47,147),(309,'Manizales','IBG','Ibg Manizales 1',47,150),(310,'Manizales','IBG','Ibg  Manizales 2',47,150),(311,'Manizales','Lagobo','Oportunidades 138',47,153),(312,'Manizales','La 14','Manizales',47,151),(313,'Manizales','Rayco','Rayco Manizales',47,154),(314,'Medellín','Éxito','Colombia',11,158),(315,'Medellín','Éxito','Del Este',11,158),(316,'Medellín','Éxito','Envigado',11,158),(317,'Medellín','Éxito','Exito Belen',11,158),(318,'Medellín','Éxito','Itagui',11,158),(319,'Medellín','Éxito','Laureles',11,158),(320,'Medellín','Éxito','Molinos',11,158),(321,'Medellín','Éxito','Poblado',11,158),(322,'Medellín','Éxito','Robledo',11,158),(323,'Medellín','Éxito','Sabaneta',11,158),(324,'Medellín','Éxito','San Antonio',11,158),(325,'Medellín','Éxito','San Diego M',11,158),(326,'Medellín','Éxito','San Ignacio',11,158),(327,'Medellín','Éxito','Unicentro M',11,158),(328,'Medellín','Falabella  ','San Diego',11,159),(329,'Medellín','Falabella  ','Santa Fe M',11,159),(330,'Medellín','Éxito','Turbo',11,158),(331,'Medellín','Éxito','Bello Centro',11,158),(332,'Medellín','La Polar','Carabobo',11,163),(333,'Medellín','La Polar','Los Molinos',11,163),(334,'Medellín','Éxito','Oviedo',11,158),(335,'Medellín','Éxito','Apartado',11,158),(336,'Medellín','Flamingo','Bolivar',11,160),(337,'Medellín','Flamingo','Itagui',11,160),(338,'Medellín','Flamingo','Parque Berrio',11,160),(339,'Medellín','Flamingo','Rionegro',11,160),(340,'Medellín','Flamingo','Plazuela',11,160),(341,'Medellín','Flamingo','Sucre',11,160),(342,'Medellín','Hogar y Moda','Rionegro',11,161),(343,'Medellín','Hogar y Moda','Plataforma',11,161),(344,'Medellín','Hogar y Moda','Colombia',11,161),(345,'Medellín','Multielectro','Principal',11,164),(346,'Medellín','Multielectro','El Carmen',11,164),(347,'Medellín','Multielectro','El Retiro',11,164),(348,'Medellín','Multielectro','La Union',11,164),(349,'Medellín','Multielectro','Itagui',11,164),(350,'Medellín','Credititulos','Base 3',11,157),(351,'Medellín','Credititulos','Base 5',11,157),(352,'Medellín','Alkosto','Alapa',11,155),(353,'Medellín','Alkosto','Albel',11,155),(354,'Medellín','Alkosto','Alcol',11,155),(355,'Medellín','Alkosto','Alflo',11,155),(356,'Medellín','Alkosto','Alk33',11,155),(357,'Medellín','Alkosto','Almol',11,155),(358,'Medellín','Alkosto','Alrio',11,155),(359,'Medellín','Alkosto','Ktpob',11,155),(360,'Medellín','Alkosto','Ktdie',11,155),(361,'Medellín','Alkosto','Kttes',11,155),(362,'Medellín','Jumbo','La 65',11,162),(363,'Medellín','Jumbo','Las Vegas',11,162),(364,'Medellín','Jumbo','Premium Plaza',11,162),(365,'Medellín','Jumbo','Santafe Medellin',11,162),(366,'Medellín','Coomultrasan','Poblado',11,156),(367,'Montería','Jumbo','Monteria',59,166),(368,'Montería','Éxito','Centro Monteria',59,165),(369,'Montería','Éxito','Norte Monteria',59,165),(370,'Montería','Olimpica','Monteria  ',59,167),(371,'Mosquera','Jumbo','Mosquera',85,168),(372,'Neiva','Olimpica','Neiva',114,172),(373,'Neiva','Rayco','Rayco',114,173),(374,'Neiva','IBG','Neiva',114,171),(375,'Neiva','Hicel - Gelmar','Neiva',114,170),(376,'Neiva','Rayco','Neiva',114,173),(377,'Neiva','Éxito','Neiva',114,169),(378,'Ocaña','Coomultrasan','Ocaña',201,175),(379,'Ocaña','Rayco','Ocaña',201,176),(380,'Ocaña','Alca','Crediocaña',201,174),(381,'Palmira','La 14','Palmira',186,181),(382,'Palmira','Electromillonaria','Palmira',186,178),(383,'Palmira','Credigane','Palmira',186,177),(384,'Palmira','Surticreditos ','Palmira 1',186,184),(385,'Palmira','Surticreditos ','Palmira 2',186,184),(386,'Palmira','Rayco','Palmira',186,183),(387,'Palmira','IBG','Palmira',186,180),(388,'Palmira','Olimpica','Sao El Bosque Palmira',186,182),(389,'Palmira','Éxito','Palmira',186,179),(390,'Pasto','Alkosto','Akpas',122,185),(391,'Pasto','Jumbo','Pasto',122,190),(392,'Pasto','Jumbo','Unico',122,190),(393,'Pasto','Éxito','Centro Pasto',122,188),(394,'Pasto','Éxito','Pasto',122,188),(395,'Pasto','Alkosto','Akbol',122,185),(396,'Pasto','Electromillonaria','Kra 20',122,187),(397,'Pasto','Electromillonaria','Calle 17',122,187),(398,'Pasto','Arpesod','Pasto',122,186),(399,'Pasto','Arpesod','Tuquerres',122,186),(400,'Pasto','IBG','Pasto',122,189),(401,'Pereira','Alkosto','Akper',135,191),(402,'Pereira','Jumbo','Pereira',135,198),(403,'Pereira','Jumbo','Pereira Unicentro',135,198),(404,'Pereira','Jumbo','Dos Quebradas',135,198),(405,'Pereira','Éxito','Parque Arboleda ',135,194),(406,'Pereira','Éxito','Pereira Centro',135,194),(407,'Pereira','Éxito','Pereira Cuba',135,194),(408,'Pereira','Éxito','Dosquebradas',135,194),(409,'Pereira','Falabella  ','Arboleda',135,195),(410,'Pereira','Olimpica','Sto Pereira',135,203),(411,'Pereira','Olimpica','Sto Bosque',135,203),(412,'Pereira','IBG','Ibg Cra 8',135,197),(413,'Pereira','IBG','Ibg Clle 19',135,197),(414,'Pereira','Lagobo','Oportunidades 125',135,200),(415,'Pereira','Lagobo','Oportunidades 124',135,200),(416,'Pereira','Lagobo','Oportunidades 127',135,200),(417,'Pereira','Botero Lozada','Muebles Bl 21',135,192),(418,'Pereira','Botero Lozada','Muebles Bl 37',135,192),(419,'Pereira','La 14','Pereira',135,199),(420,'Pereira','Flamingo','Flamingo Pereira',135,196),(421,'Pereira','Luz Fanny Lopez','Jose Duque',135,201),(422,'Pereira','Rayco','Rayco Pereira',135,204),(423,'Pereira','Electrojaponesa','Electrojaponesa Pereira',135,193),(424,'Pereira','Mercaldas','Mercaldas',135,202),(425,'Piedecuesta','Coomultrasan','Piedecuesta',143,205),(426,'Piedecuesta','Rayco','Piedecuesta',143,206),(427,'Pitalito','Éxito','Pitalito',202,207),(428,'Popayán','Electromillonaria','Principal Popayan',52,209),(429,'Popayán','Arpesod','Principal Popayan',52,208),(430,'Popayán','Rayco','Popayán',52,214),(431,'Popayán','IBG','Popayán',52,211),(432,'Popayán','Jumbo','Popayán',52,212),(433,'Popayán','Olimpica','Sao Popayan ',52,213),(434,'Popayán','Olimpica','Sto Popayan',52,213),(435,'Popayán','Éxito','Centro Popayan',52,210),(436,'Popayán','Éxito','Panamericana Popayan',52,210),(437,'Rioacha','Olimpica','Riohacha',112,216),(438,'Rioacha','Jumbo','Riohacha',112,215),(439,'Rionegro','Éxito','Rio Negro',12,217),(440,'Rionegro','Multielectro','Rio Negro',12,219),(441,'Rionegro','Jumbo','Ríonegro',12,218),(442,'San Gil','Coomultrasan','San Gil',145,220),(443,'San Gil','Rayco','San Gil',145,221),(444,'Santa Marta','Jumbo','Santa Marta',118,223),(445,'Santa Marta','Olimpica','Sao Santa Marta',118,224),(446,'Santa Marta','Éxito','Buena Vista Santa Marta',118,222),(447,'Santa Marta','Éxito','Santa Marta',118,222),(448,'Sincelejo','Éxito','Sincelejo',147,225),(449,'Sincelejo','Olimpica','Sto Sincelejo',147,226),(450,'Socorro','Coomultrasan','Socorro',146,227),(451,'Socorro','Rayco','Socorro',146,228),(452,'Sogamoso','Éxito','Sogamoso',39,229),(453,'Sogamoso','Jumbo','Sogamoso',39,231),(454,'Sogamoso','Hiperofertas','Sogamoso',39,230),(455,'Sogamoso','Rayco','Sogamoso',39,233),(456,'Sogamoso','Sergo','Sogamoso',39,234),(457,'Sogamoso','Olimpica','Sto Sogamoso',39,232),(458,'Tulua','Electrojaponesa','Tulua',193,235),(459,'Tulua','La 14','Tulua',193,237),(460,'Tulua','Surticreditos ','Tulua',193,240),(461,'Tulua','Rayco','Tulua',193,239),(462,'Tulua','Lagobo','Tulua',193,238),(463,'Tulua','Éxito','Tulua',193,236),(464,'Tunja','Jumbo','Tunja',43,242),(465,'Tunja','Olimpica','Sto Tunja',43,243),(466,'Tunja','Rayco','Tunja',43,244),(467,'Tunja','Rayco','Tunja',43,244),(468,'Tunja','Rayco','Tunja',43,244),(469,'Tunja','IBG','Tunja',43,241),(470,'Tunja','Sergo','Tunja',43,245),(471,'Tuquerres','Alkosto','Aktuq',203,246),(472,'Valledupar','Olimpica','Sao Valledupar',57,249),(473,'Valledupar','Jumbo','Valledupar',57,248),(474,'Valledupar','Éxito','Valledupar',57,247),(475,'Villavicencio','Alkosto','Akvil',120,250),(476,'Villavicencio','Jumbo','Villavicencio',120,255),(477,'Villavicencio','Éxito','Centro Villavicencio',120,251),(478,'Villavicencio','Éxito','La Sabana ',120,251),(479,'Villavicencio','Éxito','Unicentro V',120,251),(480,'Villavicencio','Innovar','Hogares Electrodomesticos',120,254),(481,'Villavicencio','Innovar','Innovar Villavicencio',120,254),(482,'Villavicencio','Hiperofertas','Mundo Electrodomestico Del Llano',120,252),(483,'Villavicencio','Lagobo','Oportunidades Villavicencio',120,256),(484,'Villavicencio','IBG','Ibg Villavicencio',120,253),(485,'Villavicencio','Rayco','Rayco Villavicencio',120,257),(486,'Yopal','Alkosto','Akyop',204,259),(487,'Yopal','Éxito','Exito Yopal',204,260),(488,'Yopal','Hiperofertas','Mundo Electrodomestico Yopal',204,261),(489,'Yopal','Innovar','Innovar Yopal',204,263),(490,'Yopal','IBG','Ibg Yopal',204,262),(491,'Yopal','Rayco','Rayco Yopal',204,265),(492,'Yopal','Lagobo','Oportunidades Yopal',204,264),(493,'Yopal','Alca','Alca Yopal',204,258),(494,'Zipaquira','Jumbo','Zipaquira',110,266);
/*!40000 ALTER TABLE `test_stores` ENABLE KEYS */;
UNLOCK TABLES;

--
-- Temporary table structure for view `vw_available_home_slides`
--

DROP TABLE IF EXISTS `vw_available_home_slides`;
/*!50001 DROP VIEW IF EXISTS `vw_available_home_slides`*/;
SET @saved_cs_client     = @@character_set_client;
SET character_set_client = utf8;
/*!50001 CREATE TABLE `vw_available_home_slides` (
  `id` tinyint NOT NULL,
  `title` tinyint NOT NULL,
  `media` tinyint NOT NULL,
  `link` tinyint NOT NULL,
  `available_from` tinyint NOT NULL,
  `available_until` tinyint NOT NULL,
  `created_at` tinyint NOT NULL,
  `order` tinyint NOT NULL
) ENGINE=MyISAM */;
SET character_set_client = @saved_cs_client;

--
-- Temporary table structure for view `vw_available_tv_prizes`
--

DROP TABLE IF EXISTS `vw_available_tv_prizes`;
/*!50001 DROP VIEW IF EXISTS `vw_available_tv_prizes`*/;
SET @saved_cs_client     = @@character_set_client;
SET character_set_client = utf8;
/*!50001 CREATE TABLE `vw_available_tv_prizes` (
  `tv_id` tinyint NOT NULL,
  `reference` tinyint NOT NULL,
  `prize_id` tinyint NOT NULL,
  `prize_title` tinyint NOT NULL,
  `prize_terms` tinyint NOT NULL,
  `prize_image` tinyint NOT NULL,
  `prize_description` tinyint NOT NULL,
  `prize_has_promo_code` tinyint NOT NULL,
  `prize_quanty` tinyint NOT NULL
) ENGINE=MyISAM */;
SET character_set_client = @saved_cs_client;

--
-- Temporary table structure for view `vw_available_tv_prizes_serial_fix`
--

DROP TABLE IF EXISTS `vw_available_tv_prizes_serial_fix`;
/*!50001 DROP VIEW IF EXISTS `vw_available_tv_prizes_serial_fix`*/;
SET @saved_cs_client     = @@character_set_client;
SET character_set_client = utf8;
/*!50001 CREATE TABLE `vw_available_tv_prizes_serial_fix` (
  `tv_id` tinyint NOT NULL,
  `reference` tinyint NOT NULL,
  `prize_id` tinyint NOT NULL,
  `prize_title` tinyint NOT NULL,
  `prize_terms` tinyint NOT NULL,
  `prize_image` tinyint NOT NULL,
  `prize_description` tinyint NOT NULL,
  `prize_has_promo_code` tinyint NOT NULL,
  `prize_quanty` tinyint NOT NULL
) ENGINE=MyISAM */;
SET character_set_client = @saved_cs_client;

--
-- Temporary table structure for view `vw_cities_with_stores`
--

DROP TABLE IF EXISTS `vw_cities_with_stores`;
/*!50001 DROP VIEW IF EXISTS `vw_cities_with_stores`*/;
SET @saved_cs_client     = @@character_set_client;
SET character_set_client = utf8;
/*!50001 CREATE TABLE `vw_cities_with_stores` (
  `id` tinyint NOT NULL,
  `name` tinyint NOT NULL
) ENGINE=MyISAM */;
SET character_set_client = @saved_cs_client;

--
-- Temporary table structure for view `vw_prize_application_detail`
--

DROP TABLE IF EXISTS `vw_prize_application_detail`;
/*!50001 DROP VIEW IF EXISTS `vw_prize_application_detail`*/;
SET @saved_cs_client     = @@character_set_client;
SET character_set_client = utf8;
/*!50001 CREATE TABLE `vw_prize_application_detail` (
  `prize_application_id` tinyint NOT NULL,
  `prize_application_date` tinyint NOT NULL,
  `prize_status` tinyint NOT NULL,
  `request_date` tinyint NOT NULL,
  `user_id` tinyint NOT NULL,
  `email` tinyint NOT NULL,
  `name` tinyint NOT NULL,
  `lastname` tinyint NOT NULL,
  `nid` tinyint NOT NULL,
  `cellphone` tinyint NOT NULL,
  `nid_img_front` tinyint NOT NULL,
  `nid_img_back` tinyint NOT NULL,
  `tv_serial` tinyint NOT NULL,
  `tv_reference` tinyint NOT NULL,
  `tv_id` tinyint NOT NULL,
  `purchase_data_id` tinyint NOT NULL,
  `bill_number` tinyint NOT NULL,
  `bill_img` tinyint NOT NULL,
  `purchase_date` tinyint NOT NULL,
  `code_id` tinyint NOT NULL,
  `prize_id` tinyint NOT NULL,
  `prize_title` tinyint NOT NULL,
  `prize_image` tinyint NOT NULL,
  `prize_description` tinyint NOT NULL,
  `prize_has_promo_code` tinyint NOT NULL
) ENGINE=MyISAM */;
SET character_set_client = @saved_cs_client;

--
-- Temporary table structure for view `vw_prize_beneficts`
--

DROP TABLE IF EXISTS `vw_prize_beneficts`;
/*!50001 DROP VIEW IF EXISTS `vw_prize_beneficts`*/;
SET @saved_cs_client     = @@character_set_client;
SET character_set_client = utf8;
/*!50001 CREATE TABLE `vw_prize_beneficts` (
  `id` tinyint NOT NULL,
  `fk_tv_id` tinyint NOT NULL,
  `reference` tinyint NOT NULL,
  `title` tinyint NOT NULL,
  `image` tinyint NOT NULL,
  `description` tinyint NOT NULL,
  `created_at` tinyint NOT NULL,
  `quanty` tinyint NOT NULL,
  `terms` tinyint NOT NULL,
  `has_promo_code` tinyint NOT NULL,
  `beneficts` tinyint NOT NULL
) ENGINE=MyISAM */;
SET character_set_client = @saved_cs_client;

--
-- Temporary table structure for view `vw_prize_details_of_tv`
--

DROP TABLE IF EXISTS `vw_prize_details_of_tv`;
/*!50001 DROP VIEW IF EXISTS `vw_prize_details_of_tv`*/;
SET @saved_cs_client     = @@character_set_client;
SET character_set_client = utf8;
/*!50001 CREATE TABLE `vw_prize_details_of_tv` (
  `prize_detail_id` tinyint NOT NULL,
  `tv_id` tinyint NOT NULL,
  `tv_reference` tinyint NOT NULL,
  `prize_detail_title` tinyint NOT NULL,
  `prize_detail_reclame_description` tinyint NOT NULL,
  `prize_detail_image` tinyint NOT NULL,
  `prize_detail_has_list_of_codes` tinyint NOT NULL,
  `prize_available_from` tinyint NOT NULL,
  `prize_available_until` tinyint NOT NULL,
  `prize_date_availability` tinyint NOT NULL
) ENGINE=MyISAM */;
SET character_set_client = @saved_cs_client;

--
-- Temporary table structure for view `vw_prize_requests`
--

DROP TABLE IF EXISTS `vw_prize_requests`;
/*!50001 DROP VIEW IF EXISTS `vw_prize_requests`*/;
SET @saved_cs_client     = @@character_set_client;
SET character_set_client = utf8;
/*!50001 CREATE TABLE `vw_prize_requests` (
  `prize_application_id` tinyint NOT NULL,
  `request_date` tinyint NOT NULL,
  `status` tinyint NOT NULL,
  `purchase_data_id` tinyint NOT NULL,
  `bill_number` tinyint NOT NULL,
  `code_lg` tinyint NOT NULL,
  `promotional_code_txt` tinyint NOT NULL,
  `user_id` tinyint NOT NULL,
  `name` tinyint NOT NULL,
  `lastname` tinyint NOT NULL,
  `nid` tinyint NOT NULL,
  `prize_request_qty` tinyint NOT NULL,
  `tv_references` tinyint NOT NULL,
  `store_name` tinyint NOT NULL,
  `city_name` tinyint NOT NULL
) ENGINE=MyISAM */;
SET character_set_client = @saved_cs_client;

--
-- Temporary table structure for view `vw_purchase_data_prize_application`
--

DROP TABLE IF EXISTS `vw_purchase_data_prize_application`;
/*!50001 DROP VIEW IF EXISTS `vw_purchase_data_prize_application`*/;
SET @saved_cs_client     = @@character_set_client;
SET character_set_client = utf8;
/*!50001 CREATE TABLE `vw_purchase_data_prize_application` (
  `id` tinyint NOT NULL,
  `fk_user_id` tinyint NOT NULL,
  `fk_sells_point_id` tinyint NOT NULL,
  `fk_codes_id` tinyint NOT NULL,
  `purchase_date` tinyint NOT NULL,
  `bill_number` tinyint NOT NULL,
  `bill_img` tinyint NOT NULL,
  `created_at` tinyint NOT NULL,
  `promotional_code_txt` tinyint NOT NULL,
  `prize_application_id` tinyint NOT NULL,
  `prize_application_status` tinyint NOT NULL
) ENGINE=MyISAM */;
SET character_set_client = @saved_cs_client;

--
-- Temporary table structure for view `vw_sells_points`
--

DROP TABLE IF EXISTS `vw_sells_points`;
/*!50001 DROP VIEW IF EXISTS `vw_sells_points`*/;
SET @saved_cs_client     = @@character_set_client;
SET character_set_client = utf8;
/*!50001 CREATE TABLE `vw_sells_points` (
  `city_id` tinyint NOT NULL,
  `city` tinyint NOT NULL,
  `store_id` tinyint NOT NULL,
  `store` tinyint NOT NULL,
  `sellpoint_id` tinyint NOT NULL,
  `sellpoint_name` tinyint NOT NULL
) ENGINE=MyISAM */;
SET character_set_client = @saved_cs_client;

--
-- Temporary table structure for view `vw_user_associated_tvs_qty`
--

DROP TABLE IF EXISTS `vw_user_associated_tvs_qty`;
/*!50001 DROP VIEW IF EXISTS `vw_user_associated_tvs_qty`*/;
SET @saved_cs_client     = @@character_set_client;
SET character_set_client = utf8;
/*!50001 CREATE TABLE `vw_user_associated_tvs_qty` (
  `user_id` tinyint NOT NULL,
  `quanty` tinyint NOT NULL
) ENGINE=MyISAM */;
SET character_set_client = @saved_cs_client;

--
-- Final view structure for view `vw_available_home_slides`
--

/*!50001 DROP TABLE IF EXISTS `vw_available_home_slides`*/;
/*!50001 DROP VIEW IF EXISTS `vw_available_home_slides`*/;
/*!50001 SET @saved_cs_client          = @@character_set_client */;
/*!50001 SET @saved_cs_results         = @@character_set_results */;
/*!50001 SET @saved_col_connection     = @@collation_connection */;
/*!50001 SET character_set_client      = utf8 */;
/*!50001 SET character_set_results     = utf8 */;
/*!50001 SET collation_connection      = utf8_general_ci */;
/*!50001 CREATE ALGORITHM=UNDEFINED */
/*!50013 DEFINER=`ganaconlg`@`%` SQL SECURITY DEFINER */
/*!50001 VIEW `vw_available_home_slides` AS select `p`.`id` AS `id`,`p`.`title` AS `title`,`p`.`media` AS `media`,`p`.`link` AS `link`,`p`.`available_from` AS `available_from`,`p`.`available_until` AS `available_until`,`p`.`created_at` AS `created_at`,`p`.`order` AS `order` from `tbl_promo` `p` where ((`p`.`available_from` <= curdate()) and (`p`.`available_until` >= curdate())) order by `p`.`order` */;
/*!50001 SET character_set_client      = @saved_cs_client */;
/*!50001 SET character_set_results     = @saved_cs_results */;
/*!50001 SET collation_connection      = @saved_col_connection */;

--
-- Final view structure for view `vw_available_tv_prizes`
--

/*!50001 DROP TABLE IF EXISTS `vw_available_tv_prizes`*/;
/*!50001 DROP VIEW IF EXISTS `vw_available_tv_prizes`*/;
/*!50001 SET @saved_cs_client          = @@character_set_client */;
/*!50001 SET @saved_cs_results         = @@character_set_results */;
/*!50001 SET @saved_col_connection     = @@collation_connection */;
/*!50001 SET character_set_client      = utf8 */;
/*!50001 SET character_set_results     = utf8 */;
/*!50001 SET collation_connection      = utf8_general_ci */;
/*!50001 CREATE ALGORITHM=UNDEFINED */
/*!50013 DEFINER=`ganaconlg`@`%` SQL SECURITY DEFINER */
/*!50001 VIEW `vw_available_tv_prizes` AS select `t`.`id` AS `tv_id`,`t`.`reference` AS `reference`,`p`.`id` AS `prize_id`,`p`.`title` AS `prize_title`,`p`.`terms` AS `prize_terms`,`p`.`image` AS `prize_image`,`p`.`description` AS `prize_description`,`p`.`has_promo_code` AS `prize_has_promo_code`,`p`.`quanty` AS `prize_quanty` from (`tbl_prize` `p` join `tbl_tv` `t` on((`t`.`id` = `p`.`fk_tv_id`))) */;
/*!50001 SET character_set_client      = @saved_cs_client */;
/*!50001 SET character_set_results     = @saved_cs_results */;
/*!50001 SET collation_connection      = @saved_col_connection */;

--
-- Final view structure for view `vw_available_tv_prizes_serial_fix`
--

/*!50001 DROP TABLE IF EXISTS `vw_available_tv_prizes_serial_fix`*/;
/*!50001 DROP VIEW IF EXISTS `vw_available_tv_prizes_serial_fix`*/;
/*!50001 SET @saved_cs_client          = @@character_set_client */;
/*!50001 SET @saved_cs_results         = @@character_set_results */;
/*!50001 SET @saved_col_connection     = @@collation_connection */;
/*!50001 SET character_set_client      = utf8 */;
/*!50001 SET character_set_results     = utf8 */;
/*!50001 SET collation_connection      = utf8_general_ci */;
/*!50001 CREATE ALGORITHM=UNDEFINED */
/*!50013 DEFINER=`ganaconlg`@`%` SQL SECURITY DEFINER */
/*!50001 VIEW `vw_available_tv_prizes_serial_fix` AS select `atp`.`tv_id` AS `tv_id`,`atp`.`reference` AS `reference`,`atp`.`prize_id` AS `prize_id`,`atp`.`prize_title` AS `prize_title`,`atp`.`prize_terms` AS `prize_terms`,`atp`.`prize_image` AS `prize_image`,`atp`.`prize_description` AS `prize_description`,`atp`.`prize_has_promo_code` AS `prize_has_promo_code`,`atp`.`prize_quanty` AS `prize_quanty` from (((`vw_available_tv_prizes` `atp` left join `tbl_purchase_data_tv` `pdt` on((`pdt`.`fk_tv_id` = `atp`.`tv_id`))) left join `tbl_purchase_data` `pd` on((`pd`.`id` = `pdt`.`fk_purchase_data_id`))) left join `tbl_user` `u` on((`u`.`id` = `pd`.`fk_user_id`))) where ((`u`.`verified` <> 'si') or isnull(`pdt`.`id`)) */;
/*!50001 SET character_set_client      = @saved_cs_client */;
/*!50001 SET character_set_results     = @saved_cs_results */;
/*!50001 SET collation_connection      = @saved_col_connection */;

--
-- Final view structure for view `vw_cities_with_stores`
--

/*!50001 DROP TABLE IF EXISTS `vw_cities_with_stores`*/;
/*!50001 DROP VIEW IF EXISTS `vw_cities_with_stores`*/;
/*!50001 SET @saved_cs_client          = @@character_set_client */;
/*!50001 SET @saved_cs_results         = @@character_set_results */;
/*!50001 SET @saved_col_connection     = @@collation_connection */;
/*!50001 SET character_set_client      = utf8 */;
/*!50001 SET character_set_results     = utf8 */;
/*!50001 SET collation_connection      = utf8_general_ci */;
/*!50001 CREATE ALGORITHM=UNDEFINED */
/*!50013 DEFINER=`ganaconlg`@`%` SQL SECURITY DEFINER */
/*!50001 VIEW `vw_cities_with_stores` AS select `c`.`id` AS `id`,`c`.`name` AS `name` from (`tbl_city` `c` join `tbl_store` `s` on((`s`.`fk_city_id` = `c`.`id`))) group by `c`.`id` */;
/*!50001 SET character_set_client      = @saved_cs_client */;
/*!50001 SET character_set_results     = @saved_cs_results */;
/*!50001 SET collation_connection      = @saved_col_connection */;

--
-- Final view structure for view `vw_prize_application_detail`
--

/*!50001 DROP TABLE IF EXISTS `vw_prize_application_detail`*/;
/*!50001 DROP VIEW IF EXISTS `vw_prize_application_detail`*/;
/*!50001 SET @saved_cs_client          = @@character_set_client */;
/*!50001 SET @saved_cs_results         = @@character_set_results */;
/*!50001 SET @saved_col_connection     = @@collation_connection */;
/*!50001 SET character_set_client      = utf8 */;
/*!50001 SET character_set_results     = utf8 */;
/*!50001 SET collation_connection      = utf8_general_ci */;
/*!50001 CREATE ALGORITHM=UNDEFINED */
/*!50013 DEFINER=`ganaconlg`@`%` SQL SECURITY DEFINER */
/*!50001 VIEW `vw_prize_application_detail` AS select `pa`.`id` AS `prize_application_id`,`pa`.`created_at` AS `prize_application_date`,`pa`.`status` AS `prize_status`,`pa`.`created_at` AS `request_date`,`u`.`id` AS `user_id`,`u`.`email` AS `email`,`u`.`name` AS `name`,`u`.`lastname` AS `lastname`,`u`.`nid` AS `nid`,`u`.`cellphone` AS `cellphone`,`u`.`nid_img_front` AS `nid_img_front`,`u`.`nid_img_back` AS `nid_img_back`,`pdt`.`serial_tv` AS `tv_serial`,`t`.`reference` AS `tv_reference`,`t`.`id` AS `tv_id`,`pd`.`id` AS `purchase_data_id`,`pd`.`bill_number` AS `bill_number`,`pd`.`bill_img` AS `bill_img`,`pd`.`purchase_date` AS `purchase_date`,`pd`.`fk_codes_id` AS `code_id`,`p`.`id` AS `prize_id`,`p`.`title` AS `prize_title`,`p`.`image` AS `prize_image`,`p`.`description` AS `prize_description`,`p`.`has_promo_code` AS `prize_has_promo_code` from (((((`tbl_prize_application` `pa` join `tbl_purchase_data` `pd` on((`pd`.`id` = `pa`.`fk_purchase_data_id`))) join `tbl_user` `u` on((`u`.`id` = `pd`.`fk_user_id`))) join `tbl_purchase_data_tv` `pdt` on((`pdt`.`fk_purchase_data_id` = `pd`.`id`))) join `tbl_prize` `p` on((`p`.`fk_tv_id` = `pdt`.`fk_tv_id`))) join `tbl_tv` `t` on((`t`.`id` = `p`.`fk_tv_id`))) */;
/*!50001 SET character_set_client      = @saved_cs_client */;
/*!50001 SET character_set_results     = @saved_cs_results */;
/*!50001 SET collation_connection      = @saved_col_connection */;

--
-- Final view structure for view `vw_prize_beneficts`
--

/*!50001 DROP TABLE IF EXISTS `vw_prize_beneficts`*/;
/*!50001 DROP VIEW IF EXISTS `vw_prize_beneficts`*/;
/*!50001 SET @saved_cs_client          = @@character_set_client */;
/*!50001 SET @saved_cs_results         = @@character_set_results */;
/*!50001 SET @saved_col_connection     = @@collation_connection */;
/*!50001 SET character_set_client      = utf8 */;
/*!50001 SET character_set_results     = utf8 */;
/*!50001 SET collation_connection      = utf8_general_ci */;
/*!50001 CREATE ALGORITHM=UNDEFINED */
/*!50013 DEFINER=`ganaconlg`@`%` SQL SECURITY DEFINER */
/*!50001 VIEW `vw_prize_beneficts` AS select `p`.`id` AS `id`,`p`.`fk_tv_id` AS `fk_tv_id`,`t`.`reference` AS `reference`,`p`.`title` AS `title`,`p`.`image` AS `image`,`p`.`description` AS `description`,`p`.`created_at` AS `created_at`,`p`.`quanty` AS `quanty`,`p`.`terms` AS `terms`,`p`.`has_promo_code` AS `has_promo_code`,group_concat(`pd`.`title` separator ', ') AS `beneficts` from (((`tbl_prize` `p` join `tbl_prize_elements` `pe` on((`pe`.`fk_prize_id` = `p`.`id`))) join `tbl_prize_detail` `pd` on((`pd`.`id` = `pe`.`fk_prize_detail_id`))) join `tbl_tv` `t` on((`p`.`fk_tv_id` = `t`.`id`))) group by `p`.`id` */;
/*!50001 SET character_set_client      = @saved_cs_client */;
/*!50001 SET character_set_results     = @saved_cs_results */;
/*!50001 SET collation_connection      = @saved_col_connection */;

--
-- Final view structure for view `vw_prize_details_of_tv`
--

/*!50001 DROP TABLE IF EXISTS `vw_prize_details_of_tv`*/;
/*!50001 DROP VIEW IF EXISTS `vw_prize_details_of_tv`*/;
/*!50001 SET @saved_cs_client          = @@character_set_client */;
/*!50001 SET @saved_cs_results         = @@character_set_results */;
/*!50001 SET @saved_col_connection     = @@collation_connection */;
/*!50001 SET character_set_client      = utf8 */;
/*!50001 SET character_set_results     = utf8 */;
/*!50001 SET collation_connection      = utf8_general_ci */;
/*!50001 CREATE ALGORITHM=UNDEFINED */
/*!50013 DEFINER=`ganaconlg`@`%` SQL SECURITY DEFINER */
/*!50001 VIEW `vw_prize_details_of_tv` AS select `pd`.`id` AS `prize_detail_id`,`p`.`fk_tv_id` AS `tv_id`,`t`.`reference` AS `tv_reference`,`pd`.`title` AS `prize_detail_title`,`pd`.`reclaim_description` AS `prize_detail_reclame_description`,`pd`.`image` AS `prize_detail_image`,`pd`.`has_list_of_codes` AS `prize_detail_has_list_of_codes`,`pd`.`available_from` AS `prize_available_from`,`pd`.`available_until` AS `prize_available_until`,((`pd`.`available_from` <= curdate()) and (`pd`.`available_until` >= curdate())) AS `prize_date_availability` from (((`tbl_prize` `p` join `tbl_prize_elements` `pe` on((`p`.`id` = `pe`.`fk_prize_id`))) join `tbl_prize_detail` `pd` on((`pd`.`id` = `pe`.`fk_prize_detail_id`))) join `tbl_tv` `t` on((`t`.`id` = `p`.`fk_tv_id`))) */;
/*!50001 SET character_set_client      = @saved_cs_client */;
/*!50001 SET character_set_results     = @saved_cs_results */;
/*!50001 SET collation_connection      = @saved_col_connection */;

--
-- Final view structure for view `vw_prize_requests`
--

/*!50001 DROP TABLE IF EXISTS `vw_prize_requests`*/;
/*!50001 DROP VIEW IF EXISTS `vw_prize_requests`*/;
/*!50001 SET @saved_cs_client          = @@character_set_client */;
/*!50001 SET @saved_cs_results         = @@character_set_results */;
/*!50001 SET @saved_col_connection     = @@collation_connection */;
/*!50001 SET character_set_client      = utf8 */;
/*!50001 SET character_set_results     = utf8 */;
/*!50001 SET collation_connection      = utf8_general_ci */;
/*!50001 CREATE ALGORITHM=UNDEFINED */
/*!50013 DEFINER=`ganaconlg`@`%` SQL SECURITY DEFINER */
/*!50001 VIEW `vw_prize_requests` AS select `pa`.`id` AS `prize_application_id`,`pa`.`created_at` AS `request_date`,`pa`.`status` AS `status`,`pd`.`id` AS `purchase_data_id`,`pd`.`bill_number` AS `bill_number`,`pd`.`code_txt` AS `code_lg`,`pd`.`promotional_code_txt` AS `promotional_code_txt`,`u`.`id` AS `user_id`,`u`.`name` AS `name`,`u`.`lastname` AS `lastname`,`u`.`nid` AS `nid`,count(`pdt`.`id`) AS `prize_request_qty`,group_concat(`t`.`reference` separator ', ') AS `tv_references`,`s`.`name` AS `store_name`,`c`.`name` AS `city_name` from (((((((`tbl_prize_application` `pa` join `tbl_purchase_data` `pd` on((`pd`.`id` = `pa`.`fk_purchase_data_id`))) join `tbl_user` `u` on((`u`.`id` = `pd`.`fk_user_id`))) join `tbl_purchase_data_tv` `pdt` on((`pdt`.`fk_purchase_data_id` = `pd`.`id`))) join `tbl_sells_point` `sp` on((`sp`.`id` = `pd`.`fk_sells_point_id`))) join `tbl_store` `s` on((`s`.`id` = `sp`.`fk_store_id`))) join `tbl_city` `c` on((`c`.`id` = `s`.`fk_city_id`))) join `tbl_tv` `t` on((`t`.`id` = `pdt`.`fk_tv_id`))) group by `pd`.`id` */;
/*!50001 SET character_set_client      = @saved_cs_client */;
/*!50001 SET character_set_results     = @saved_cs_results */;
/*!50001 SET collation_connection      = @saved_col_connection */;

--
-- Final view structure for view `vw_purchase_data_prize_application`
--

/*!50001 DROP TABLE IF EXISTS `vw_purchase_data_prize_application`*/;
/*!50001 DROP VIEW IF EXISTS `vw_purchase_data_prize_application`*/;
/*!50001 SET @saved_cs_client          = @@character_set_client */;
/*!50001 SET @saved_cs_results         = @@character_set_results */;
/*!50001 SET @saved_col_connection     = @@collation_connection */;
/*!50001 SET character_set_client      = utf8 */;
/*!50001 SET character_set_results     = utf8 */;
/*!50001 SET collation_connection      = utf8_general_ci */;
/*!50001 CREATE ALGORITHM=UNDEFINED */
/*!50013 DEFINER=`ganaconlg`@`%` SQL SECURITY DEFINER */
/*!50001 VIEW `vw_purchase_data_prize_application` AS select `pd`.`id` AS `id`,`pd`.`fk_user_id` AS `fk_user_id`,`pd`.`fk_sells_point_id` AS `fk_sells_point_id`,`pd`.`fk_codes_id` AS `fk_codes_id`,`pd`.`purchase_date` AS `purchase_date`,`pd`.`bill_number` AS `bill_number`,`pd`.`bill_img` AS `bill_img`,`pd`.`created_at` AS `created_at`,`pd`.`promotional_code_txt` AS `promotional_code_txt`,`pa`.`id` AS `prize_application_id`,`pa`.`status` AS `prize_application_status` from (`tbl_purchase_data` `pd` join `tbl_prize_application` `pa` on((`pa`.`fk_purchase_data_id` = `pd`.`id`))) */;
/*!50001 SET character_set_client      = @saved_cs_client */;
/*!50001 SET character_set_results     = @saved_cs_results */;
/*!50001 SET collation_connection      = @saved_col_connection */;

--
-- Final view structure for view `vw_sells_points`
--

/*!50001 DROP TABLE IF EXISTS `vw_sells_points`*/;
/*!50001 DROP VIEW IF EXISTS `vw_sells_points`*/;
/*!50001 SET @saved_cs_client          = @@character_set_client */;
/*!50001 SET @saved_cs_results         = @@character_set_results */;
/*!50001 SET @saved_col_connection     = @@collation_connection */;
/*!50001 SET character_set_client      = utf8 */;
/*!50001 SET character_set_results     = utf8 */;
/*!50001 SET collation_connection      = utf8_general_ci */;
/*!50001 CREATE ALGORITHM=UNDEFINED */
/*!50013 DEFINER=`ganaconlg`@`%` SQL SECURITY DEFINER */
/*!50001 VIEW `vw_sells_points` AS select `c`.`id` AS `city_id`,`c`.`name` AS `city`,`ts`.`id` AS `store_id`,`ts`.`name` AS `store`,`sp`.`id` AS `sellpoint_id`,`sp`.`name` AS `sellpoint_name` from ((`tbl_sells_point` `sp` join `tbl_store` `ts` on((`ts`.`id` = `sp`.`fk_store_id`))) join `tbl_city` `c` on((`c`.`id` = `ts`.`fk_city_id`))) */;
/*!50001 SET character_set_client      = @saved_cs_client */;
/*!50001 SET character_set_results     = @saved_cs_results */;
/*!50001 SET collation_connection      = @saved_col_connection */;

--
-- Final view structure for view `vw_user_associated_tvs_qty`
--

/*!50001 DROP TABLE IF EXISTS `vw_user_associated_tvs_qty`*/;
/*!50001 DROP VIEW IF EXISTS `vw_user_associated_tvs_qty`*/;
/*!50001 SET @saved_cs_client          = @@character_set_client */;
/*!50001 SET @saved_cs_results         = @@character_set_results */;
/*!50001 SET @saved_col_connection     = @@collation_connection */;
/*!50001 SET character_set_client      = utf8 */;
/*!50001 SET character_set_results     = utf8 */;
/*!50001 SET collation_connection      = utf8_general_ci */;
/*!50001 CREATE ALGORITHM=UNDEFINED */
/*!50013 DEFINER=`ganaconlg`@`%` SQL SECURITY DEFINER */
/*!50001 VIEW `vw_user_associated_tvs_qty` AS select `u`.`id` AS `user_id`,count(`pdt`.`id`) AS `quanty` from ((`tbl_user` `u` left join `tbl_purchase_data` `pd` on((`u`.`id` = `pd`.`fk_user_id`))) left join `tbl_purchase_data_tv` `pdt` on((`pdt`.`fk_purchase_data_id` = `pd`.`id`))) group by `u`.`id` */;
/*!50001 SET character_set_client      = @saved_cs_client */;
/*!50001 SET character_set_results     = @saved_cs_results */;
/*!50001 SET collation_connection      = @saved_col_connection */;
/*!40103 SET TIME_ZONE=@OLD_TIME_ZONE */;

/*!40101 SET SQL_MODE=@OLD_SQL_MODE */;
/*!40014 SET FOREIGN_KEY_CHECKS=@OLD_FOREIGN_KEY_CHECKS */;
/*!40014 SET UNIQUE_CHECKS=@OLD_UNIQUE_CHECKS */;
/*!40101 SET CHARACTER_SET_CLIENT=@OLD_CHARACTER_SET_CLIENT */;
/*!40101 SET CHARACTER_SET_RESULTS=@OLD_CHARACTER_SET_RESULTS */;
/*!40101 SET COLLATION_CONNECTION=@OLD_COLLATION_CONNECTION */;
/*!40111 SET SQL_NOTES=@OLD_SQL_NOTES */;

-- Dump completed on 2014-10-31 11:30:00
