CREATE DATABASE  IF NOT EXISTS `ganaconlg` /*!40100 DEFAULT CHARACTER SET latin1 */;
USE `ganaconlg`;
-- MySQL dump 10.13  Distrib 5.6.17, for Win32 (x86)
--
-- Host: ganaconlg.db.6517675.hostedresource.com    Database: ganaconlg
-- ------------------------------------------------------
-- Server version	5.5.37-35.0-log

/*!40101 SET @OLD_CHARACTER_SET_CLIENT=@@CHARACTER_SET_CLIENT */;
/*!40101 SET @OLD_CHARACTER_SET_RESULTS=@@CHARACTER_SET_RESULTS */;
/*!40101 SET @OLD_COLLATION_CONNECTION=@@COLLATION_CONNECTION */;
/*!40101 SET NAMES utf8 */;
/*!40103 SET @OLD_TIME_ZONE=@@TIME_ZONE */;
/*!40103 SET TIME_ZONE='+00:00' */;
/*!40014 SET @OLD_UNIQUE_CHECKS=@@UNIQUE_CHECKS, UNIQUE_CHECKS=0 */;
/*!40014 SET @OLD_FOREIGN_KEY_CHECKS=@@FOREIGN_KEY_CHECKS, FOREIGN_KEY_CHECKS=0 */;
/*!40101 SET @OLD_SQL_MODE=@@SQL_MODE, SQL_MODE='NO_AUTO_VALUE_ON_ZERO' */;
/*!40111 SET @OLD_SQL_NOTES=@@SQL_NOTES, SQL_NOTES=0 */;

--
-- Table structure for table `ci_sessions`
--

DROP TABLE IF EXISTS `ci_sessions`;
/*!40101 SET @saved_cs_client     = @@character_set_client */;
/*!40101 SET character_set_client = utf8 */;
CREATE TABLE `ci_sessions` (
  `session_id` varchar(40) NOT NULL DEFAULT '0',
  `ip_address` varchar(45) NOT NULL DEFAULT '0',
  `user_agent` varchar(120) NOT NULL,
  `last_activity` int(10) unsigned NOT NULL DEFAULT '0',
  `user_data` text NOT NULL,
  PRIMARY KEY (`session_id`),
  KEY `last_activity_idx` (`last_activity`)
) ENGINE=MyISAM DEFAULT CHARSET=utf8;
/*!40101 SET character_set_client = @saved_cs_client */;

--
-- Dumping data for table `ci_sessions`
--

LOCK TABLES `ci_sessions` WRITE;
/*!40000 ALTER TABLE `ci_sessions` DISABLE KEYS */;
INSERT INTO `ci_sessions` VALUES ('a6af0f7ee7c05cd247acd01fc82dc2fc','200.13.243.186','Mozilla/5.0 (Windows NT 6.1; WOW64) AppleWebKit/537.36 (KHTML, like Gecko) Chrome/37.0.2062.124 Safari/537.36',1413823484,'a:6:{s:9:\"user_data\";s:0:\"\";s:3:\"nid\";s:8:\"71609960\";s:5:\"email\";s:17:\"loparte@gmail.com\";s:15:\"loggedin_public\";b:1;s:8:\"new_user\";b:1;s:14:\"priority_email\";s:17:\"loparte@gmail.com\";}'),('1f0bd933772d10318621fdefd390e836','186.84.129.202','Mozilla/5.0 (Macintosh; Intel Mac OS X 10_8_5) AppleWebKit/537.71 (KHTML, like Gecko) Version/6.1 Safari/537.71',1413818395,'a:6:{s:9:\"user_data\";s:0:\"\";s:3:\"nid\";s:8:\"12124516\";s:5:\"email\";s:21:\"texas_889@hotmail.com\";s:15:\"loggedin_public\";b:1;s:8:\"new_user\";b:1;s:14:\"priority_email\";s:21:\"texas_889@hotmail.com\";}'),('1aac7cf7d56b7fe77d2b063d4de40ae7','190.84.68.71','Mozilla/5.0 (Windows NT 6.1) AppleWebKit/537.36 (KHTML, like Gecko) Chrome/37.0.2062.124 Safari/537.36',1413772103,'a:6:{s:9:\"user_data\";s:0:\"\";s:3:\"nid\";s:8:\"39723544\";s:5:\"email\";s:16:\"cysanch@yahoo.es\";s:15:\"loggedin_public\";b:1;s:8:\"new_user\";b:1;s:14:\"priority_email\";s:16:\"cysanch@yahoo.es\";}'),('c2c7b19f16a4986ff0ad60306fff83a4','190.96.157.104','Mozilla/5.0 (Windows NT 6.2; Win64; x64) AppleWebKit/537.36 (KHTML, like Gecko) Chrome/38.0.2125.104 Safari/537.36',1413815149,'a:6:{s:9:\"user_data\";s:0:\"\";s:3:\"nid\";s:10:\"3116950745\";s:5:\"email\";s:20:\"oaah0216@hotmail.com\";s:15:\"loggedin_public\";b:1;s:8:\"new_user\";b:1;s:14:\"priority_email\";s:20:\"oaah0216@hotmail.com\";}'),('6d22c666e70ada0ac23b63d1c0953c71','190.96.157.104','Mozilla/5.0 (Windows NT 5.1) AppleWebKit/537.36 (KHTML, like Gecko) Chrome/38.0.2125.104 Safari/537.36',1413819546,'a:6:{s:9:\"user_data\";s:0:\"\";s:3:\"nid\";s:8:\"13516728\";s:5:\"email\";s:20:\"oaah0216@hotmail.com\";s:15:\"loggedin_public\";b:1;s:8:\"new_user\";b:1;s:14:\"priority_email\";s:20:\"oaah0216@hotmail.com\";}'),('868cd6f438f6941c3650bbc5a858252c','181.58.25.73','Mozilla/5.0 (compatible; MSIE 10.0; Windows NT 6.2; WOW64; Trident/6.0; MALNJS)',1413823279,'a:6:{s:9:\"user_data\";s:0:\"\";s:3:\"nid\";s:8:\"10768522\";s:5:\"email\";s:26:\"carlosrivero81@hotmail.com\";s:15:\"loggedin_public\";b:1;s:8:\"new_user\";b:1;s:14:\"priority_email\";s:26:\"carlosrivero81@hotmail.com\";}'),('9b9593c0794573bab5bb1683701c432c','181.58.25.73','Mozilla/5.0 (compatible; MSIE 10.0; Windows NT 6.2; Win64; x64; Trident/6.0; MALNJS)',1413823281,''),('4239e0c3e3a1e8b14895f105c9c5767a','200.13.243.186','Mozilla/5.0 (Windows NT 6.1; WOW64) AppleWebKit/537.36 (KHTML, like Gecko) Chrome/37.0.2062.124 Safari/537.36',1413824651,'a:15:{s:9:\"user_data\";s:0:\"\";s:3:\"nid\";s:8:\"71609960\";s:5:\"email\";s:17:\"loparte@gmail.com\";s:15:\"loggedin_public\";b:1;s:8:\"new_user\";b:0;s:14:\"priority_email\";s:17:\"loparte@gmail.com\";s:4:\"name\";s:15:\"Guillermo Leon \";s:8:\"lastname\";s:13:\"Lopez Arteaga\";s:9:\"cellphone\";s:10:\"3185479978\";s:10:\"last_login\";s:19:\"2014-10-20 10:10:02\";s:13:\"nid_img_front\";s:14:\"cc_frontal.jpg\";s:12:\"nid_img_back\";s:12:\"cc_atras.jpg\";s:2:\"id\";s:2:\"97\";s:10:\"created_at\";s:19:\"2014-10-20 10:00:56\";s:8:\"verified\";s:2:\"si\";}'),('dcb9fbf8e85411f6b99e96bc7ad771c7','201.234.247.226','Mozilla/5.0 (Windows NT 6.1; WOW64) AppleWebKit/537.36 (KHTML, like Gecko) Chrome/37.0.2062.124 Safari/537.36',1413824811,'a:4:{s:9:\"user_data\";s:0:\"\";s:7:\"user_id\";s:1:\"1\";s:8:\"username\";s:2:\"LG\";s:9:\"logged_in\";b:1;}'),('56e247f8b0ece771aa3e8eefdad4dd7c','186.114.22.107','Mozilla/5.0 (Windows NT 5.1; rv:32.0) Gecko/20100101 Firefox/32.0',1413826187,'a:15:{s:9:\"user_data\";s:0:\"\";s:3:\"nid\";s:8:\"19387312\";s:5:\"email\";s:19:\"crivera@ryfgroup.co\";s:15:\"loggedin_public\";b:1;s:8:\"new_user\";b:0;s:14:\"priority_email\";s:19:\"crivera@ryfgroup.co\";s:4:\"name\";s:13:\"carlos arturo\";s:8:\"lastname\";s:6:\"rivera\";s:9:\"cellphone\";s:10:\"3102441553\";s:10:\"last_login\";s:19:\"2014-10-20 10:10:29\";s:13:\"nid_img_front\";s:24:\"Cedula_carlos_rivera.JPG\";s:12:\"nid_img_back\";s:26:\"Cedula_carlos_rivera_2.JPG\";s:2:\"id\";s:2:\"98\";s:10:\"created_at\";s:19:\"2014-10-20 10:28:43\";s:8:\"verified\";s:2:\"no\";}'),('f6e218abc6fdd9edf6fbce4164efd612','54.172.196.76','Mozilla/5.0 (compatible; proximic; +http://www.proximic.com/info/spider.php)',1413826315,''),('73babf9b43875fd731472b9c2d27ec07','54.172.196.76','Mozilla/5.0 (compatible; proximic; +http://www.proximic.com/info/spider.php)',1413826315,''),('934b447573a60121785149746fb32cca','74.6.254.121','Mozilla/5.0 (compatible; Yahoo! Slurp; http://help.yahoo.com/help/us/ysearch/slurp)',1413826454,''),('ada72324211c5ffda44bbfb67be60c96','201.184.135.184','Mozilla/5.0 (Windows NT 6.1; WOW64) AppleWebKit/537.36 (KHTML, like Gecko) Chrome/38.0.2125.104 Safari/537.36',1413829752,'a:6:{s:9:\"user_data\";s:0:\"\";s:3:\"nid\";s:10:\"1030593858\";s:5:\"email\";s:20:\"eliana-g@hotmail.com\";s:15:\"loggedin_public\";b:1;s:8:\"new_user\";b:1;s:14:\"priority_email\";s:20:\"eliana-g@hotmail.com\";}'),('42a05581972cc32c176ba9c56a5678d4','181.59.101.6','Mozilla/5.0 (iPhone; CPU iPhone OS 7_1_2 like Mac OS X) AppleWebKit/537.51.2 (KHTML, like Gecko) Version/7.0 Mobile/11D2',1413829045,'a:14:{s:9:\"user_data\";s:0:\"\";s:2:\"id\";s:2:\"98\";s:5:\"email\";s:19:\"crivera@ryfgroup.co\";s:3:\"nid\";s:8:\"19387312\";s:4:\"name\";s:13:\"carlos arturo\";s:8:\"lastname\";s:6:\"rivera\";s:9:\"cellphone\";s:10:\"3102441553\";s:13:\"nid_img_front\";s:24:\"Cedula_carlos_rivera.JPG\";s:12:\"nid_img_back\";s:26:\"Cedula_carlos_rivera_2.JPG\";s:10:\"created_at\";s:19:\"2014-10-20 10:28:43\";s:10:\"last_login\";s:19:\"2014-10-20 10:10:30\";s:8:\"verified\";s:2:\"si\";s:15:\"loggedin_public\";b:1;s:8:\"new_user\";b:0;}'),('1bf7e9c6ca05694c2c42c001a1aaf79a','186.87.161.15','Mozilla/5.0 (Windows NT 6.1) AppleWebKit/537.36 (KHTML, like Gecko) Chrome/38.0.2125.104 Safari/537.36',1413829182,'a:15:{s:9:\"user_data\";s:0:\"\";s:2:\"id\";s:2:\"68\";s:5:\"email\";s:19:\"azacarlos@yahoo.com\";s:3:\"nid\";s:7:\"5933248\";s:4:\"name\";s:13:\"JAIME ARMANDO\";s:8:\"lastname\";s:14:\"YEPES MARTINEZ\";s:9:\"cellphone\";s:10:\"3174269478\";s:13:\"nid_img_front\";s:17:\"Cedula_Frente.jpg\";s:12:\"nid_img_back\";s:18:\"Cedula_Trasera.jpg\";s:10:\"created_at\";s:19:\"2014-10-13 19:53:04\";s:10:\"last_login\";s:19:\"2014-10-16 07:07:49\";s:8:\"verified\";s:2:\"si\";s:15:\"loggedin_public\";b:1;s:8:\"new_user\";b:0;s:14:\"priority_email\";s:19:\"azacarlos@yahoo.com\";}'),('9490b7fd3131b9afbd2204c3db2e881a','136.166.251.100','Mozilla/5.0 (Windows NT 6.1) AppleWebKit/537.36 (KHTML, like Gecko) Chrome/37.0.2062.124 Safari/537.36',1413831969,'a:13:{s:9:\"user_data\";s:0:\"\";s:3:\"nid\";s:10:\"1037613235\";s:5:\"email\";s:28:\"johanna.abogada923@gmail.com\";s:15:\"loggedin_public\";b:1;s:8:\"new_user\";b:0;s:14:\"priority_email\";s:28:\"johanna.abogada923@gmail.com\";s:4:\"name\";s:14:\"JOHANNA ANDREA\";s:8:\"lastname\";s:11:\"RODAS GARRO\";s:9:\"cellphone\";s:10:\"3116019952\";s:10:\"last_login\";s:19:\"2014-10-20 12:12:06\";s:13:\"nid_img_front\";s:23:\"IMG-20141010-WA0029.jpg\";s:12:\"nid_img_back\";s:23:\"IMG-20141010-WA0031.jpg\";s:2:\"id\";i:99;}'),('500dec91e610e2e2c9cd0c933fb7d11c','136.166.251.100','Mozilla/5.0 (Windows NT 6.1) AppleWebKit/537.36 (KHTML, like Gecko) Chrome/37.0.2062.124 Safari/537.36',1413831660,'a:4:{s:9:\"user_data\";s:0:\"\";s:7:\"user_id\";s:1:\"1\";s:8:\"username\";s:2:\"LG\";s:9:\"logged_in\";b:1;}'),('6479f1b010be27ea51045e0c647fdec7','200.93.187.138','Mozilla/4.0 (compatible; MSIE 8.0; Windows NT 6.1; Trident/4.0; SLCC2; .NET CLR 2.0.50727; .NET CLR 3.5.30729; .NET CLR ',1413553823,'a:14:{s:9:\"user_data\";s:0:\"\";s:2:\"id\";s:2:\"74\";s:5:\"email\";s:27:\"eduardo.castrop@hotmail.com\";s:3:\"nid\";s:8:\"19133318\";s:4:\"name\";s:1:\"0\";s:8:\"lastname\";s:1:\"0\";s:9:\"cellphone\";s:1:\"0\";s:13:\"nid_img_front\";N;s:12:\"nid_img_back\";N;s:10:\"created_at\";s:19:\"2014-10-15 10:10:51\";s:10:\"last_login\";s:19:\"2014-10-15 12:12:40\";s:8:\"verified\";s:2:\"no\";s:15:\"loggedin_public\";b:1;s:8:\"new_user\";b:0;}'),('0b42484cc49b1d39f0f93a70a26183bb','200.93.187.138','Mozilla/4.0 (compatible; MSIE 7.0; Windows NT 6.1; Trident/4.0; SLCC2; .NET CLR 2.0.50727; .NET CLR 3.5.30729; .NET CLR ',1413553890,''),('c7236d52afcdfea4923307bbf05b57a1','181.48.202.194','Mozilla/5.0 (Windows NT 6.2; WOW64) AppleWebKit/537.36 (KHTML, like Gecko) Chrome/38.0.2125.104 Safari/537.36',1413556241,'a:14:{s:9:\"user_data\";s:0:\"\";s:2:\"id\";s:2:\"79\";s:5:\"email\";s:20:\"chernand10@gmail.com\";s:3:\"nid\";s:8:\"79718143\";s:4:\"name\";s:1:\"0\";s:8:\"lastname\";s:1:\"0\";s:9:\"cellphone\";s:1:\"0\";s:13:\"nid_img_front\";N;s:12:\"nid_img_back\";N;s:10:\"created_at\";s:19:\"2014-10-16 13:09:00\";s:10:\"last_login\";s:19:\"2014-10-16 01:01:10\";s:8:\"verified\";s:2:\"no\";s:15:\"loggedin_public\";b:1;s:8:\"new_user\";b:0;}'),('37cf6b0041cd180d8f9bd5ff2fd874cd','181.48.202.194','Mozilla/5.0 (compatible; MSIE 10.0; Windows NT 6.2; WOW64; Trident/6.0; MALNJS)',1413556756,'a:14:{s:9:\"user_data\";s:0:\"\";s:2:\"id\";s:2:\"79\";s:5:\"email\";s:20:\"chernand10@gmail.com\";s:3:\"nid\";s:8:\"79718143\";s:4:\"name\";s:1:\"0\";s:8:\"lastname\";s:1:\"0\";s:9:\"cellphone\";s:1:\"0\";s:13:\"nid_img_front\";N;s:12:\"nid_img_back\";N;s:10:\"created_at\";s:19:\"2014-10-16 13:09:00\";s:10:\"last_login\";s:19:\"2014-10-17 07:07:30\";s:8:\"verified\";s:2:\"no\";s:15:\"loggedin_public\";b:1;s:8:\"new_user\";b:0;}'),('e9fc16cd2f7f8e9c8cdf875284b82316','181.137.132.165','Mozilla/5.0 (Macintosh; Intel Mac OS X 10_7_5) AppleWebKit/537.36 (KHTML, like Gecko) Chrome/38.0.2125.104 Safari/537.36',1413822990,'a:6:{s:9:\"user_data\";s:0:\"\";s:3:\"nid\";s:8:\"22808520\";s:5:\"email\";s:22:\"fela112003@hotmail.com\";s:15:\"loggedin_public\";b:1;s:8:\"new_user\";b:1;s:14:\"priority_email\";s:22:\"fela112003@hotmail.com\";}'),('5d06402cd8c202f5e83ac8878e59f6d9','181.48.202.194','Mozilla/5.0 (Windows NT 6.1; WOW64; Trident/7.0; rv:11.0) like Gecko',1413573035,'a:14:{s:9:\"user_data\";s:0:\"\";s:2:\"id\";s:2:\"79\";s:5:\"email\";s:20:\"chernand10@gmail.com\";s:3:\"nid\";s:8:\"79718143\";s:4:\"name\";s:1:\"0\";s:8:\"lastname\";s:1:\"0\";s:9:\"cellphone\";s:1:\"0\";s:13:\"nid_img_front\";N;s:12:\"nid_img_back\";N;s:10:\"created_at\";s:19:\"2014-10-16 13:09:00\";s:10:\"last_login\";s:19:\"2014-10-17 12:12:10\";s:8:\"verified\";s:2:\"no\";s:15:\"loggedin_public\";b:1;s:8:\"new_user\";b:0;}'),('d90d2c366a3fd1d4306fc6278d887a47','136.166.251.100','Mozilla/5.0 (Windows NT 6.1) AppleWebKit/537.36 (KHTML, like Gecko) Chrome/37.0.2062.124 Safari/537.36',1413831660,'a:4:{s:9:\"user_data\";s:0:\"\";s:7:\"user_id\";s:1:\"1\";s:8:\"username\";s:2:\"LG\";s:9:\"logged_in\";b:1;}'),('01bd6fd7c1968c0f7a45ba21bf2b698e','136.166.251.100','Mozilla/4.0 (compatible; MSIE 8.0; Windows NT 6.1; Trident/4.0; CNS_UA; AD_LOGON=4C47452E4E4554; SLCC2; .NET CLR 2.0.507',1413581345,'a:5:{s:9:\"user_data\";s:0:\"\";s:3:\"nid\";s:7:\"8798722\";s:5:\"email\";s:23:\"maria.valeria@gmail.com\";s:15:\"loggedin_public\";b:1;s:8:\"new_user\";b:1;}'),('2d5b8ddbdfdd91e12597ffc386051a23','136.166.251.100','Mozilla/5.0 (Windows NT 6.1) AppleWebKit/537.36 (KHTML, like Gecko) Chrome/38.0.2125.101 Safari/537.36',1413581402,'a:5:{s:9:\"user_data\";s:0:\"\";s:3:\"nid\";s:7:\"8978722\";s:5:\"email\";s:30:\"mariavaleria.jimenez@gmail.com\";s:15:\"loggedin_public\";b:1;s:8:\"new_user\";b:1;}'),('b35e41c23de302c4c10b7251fcf10944','190.85.140.225','Mozilla/5.0 (Linux; NetCast; U) AppleWebKit/537.31 (KHTML, like Gecko) Chrome/26.0.1410.33 Safari/537.31 SmartTV/5.0',1413587428,'a:5:{s:9:\"user_data\";s:0:\"\";s:3:\"nid\";s:10:\"1151942041\";s:5:\"email\";s:23:\"sergioaniyalr@gmail.com\";s:15:\"loggedin_public\";b:1;s:8:\"new_user\";b:1;}'),('7eb3672e66d78195a7dbb635c4cd1f35','190.253.134.111','Mozilla/5.0 (Windows NT 6.1; WOW64) AppleWebKit/537.36 (KHTML, like Gecko) Chrome/37.0.2062.124 Safari/537.36',1413588672,'a:6:{s:9:\"user_data\";s:0:\"\";s:3:\"nid\";s:8:\"19387312\";s:5:\"email\";s:19:\"crivera@ryfgroup.co\";s:15:\"loggedin_public\";b:1;s:8:\"new_user\";b:1;s:14:\"priority_email\";s:19:\"crivera@ryfgroup.co\";}'),('b1ed9fbfecfd1f9646ae136a0e4f660c','191.79.79.103','Mozilla/5.0 (Linux; NetCast; U) AppleWebKit/537.4 (KHTML, like Gecko) Chrome/22.0.1229.79 Safari/537.4 SmartTV/4.6',1413590616,'a:6:{s:9:\"user_data\";s:0:\"\";s:3:\"nid\";s:7:\"8248306\";s:5:\"email\";s:17:\"cgils@hotmail.com\";s:15:\"loggedin_public\";b:1;s:8:\"new_user\";b:1;s:14:\"priority_email\";s:17:\"cgils@hotmail.com\";}'),('17f4f838a5ec7d9b8b9251732ecb5239','191.79.79.103','Mozilla/5.0 (iPad; CPU OS 8_0_2 like Mac OS X) AppleWebKit/600.1.4 (KHTML, like Gecko) Version/8.0 Mobile/12A405 Safari/',1413592309,'a:6:{s:9:\"user_data\";s:0:\"\";s:3:\"nid\";s:7:\"8248306\";s:5:\"email\";s:17:\"cgils@hotmail.com\";s:15:\"loggedin_public\";b:1;s:8:\"new_user\";b:1;s:14:\"priority_email\";s:17:\"cgils@hotmail.com\";}'),('56ff8d0b0cde2ba15803082c49aab443','200.116.103.192','Mozilla/5.0 (Linux; Android 4.4.2; es-es; SAMSUNG SM-P600 Build/KOT49H) AppleWebKit/537.36 (KHTML, like Gecko) Version/1',1413596962,'a:15:{s:9:\"user_data\";s:0:\"\";s:3:\"nid\";s:8:\"71727819\";s:5:\"email\";s:20:\"amejiago@hotmail.com\";s:15:\"loggedin_public\";b:1;s:8:\"new_user\";b:0;s:14:\"priority_email\";s:20:\"amejiago@hotmail.com\";s:4:\"name\";s:14:\"Alberto Adolfo\";s:8:\"lastname\";s:14:\"Mejía Gómez \";s:9:\"cellphone\";s:10:\"3182210173\";s:10:\"last_login\";s:19:\"2014-10-17 06:06:44\";s:13:\"nid_img_front\";s:17:\"1413594729228.jpg\";s:12:\"nid_img_back\";s:17:\"1413594771539.jpg\";s:2:\"id\";s:2:\"84\";s:10:\"created_at\";s:19:\"2014-10-17 18:41:18\";s:8:\"verified\";s:2:\"si\";}'),('f15d8a3f02413ec89a05f9556c29acbc','191.75.242.184','Mozilla/5.0 (Linux; Android 4.3; es-us; SAMSUNG SGH-M919 Build/JSS15J) AppleWebKit/537.36 (KHTML, like Gecko) Version/1.',1413604447,'a:15:{s:9:\"user_data\";s:0:\"\";s:3:\"nid\";s:8:\"79779451\";s:5:\"email\";s:21:\"myzambranog@yahoo.com\";s:15:\"loggedin_public\";b:1;s:8:\"new_user\";b:0;s:14:\"priority_email\";s:21:\"myzambranog@yahoo.com\";s:4:\"name\";s:6:\"Erazmo\";s:8:\"lastname\";s:8:\"Zambrano\";s:9:\"cellphone\";s:10:\"3215033522\";s:10:\"last_login\";s:19:\"2014-10-17 06:06:53\";s:13:\"nid_img_front\";s:17:\"1413596957594.jpg\";s:12:\"nid_img_back\";s:17:\"1413596976459.jpg\";s:2:\"id\";s:2:\"85\";s:10:\"created_at\";s:19:\"2014-10-17 18:51:57\";s:8:\"verified\";s:2:\"si\";}'),('431e4889d9261c62225bf610ecda37b2','200.116.103.192','Mozilla/5.0 (Linux; Android 4.4.2; SM-P600 Build/KOT49H) AppleWebKit/537.36 (KHTML, like Gecko) Chrome/38.0.2125.102 Saf',1413596616,'a:14:{s:9:\"user_data\";s:0:\"\";s:2:\"id\";s:2:\"84\";s:5:\"email\";s:20:\"amejiago@hotmail.com\";s:3:\"nid\";s:8:\"71727819\";s:4:\"name\";s:14:\"Alberto Adolfo\";s:8:\"lastname\";s:14:\"Mejía Gómez \";s:9:\"cellphone\";s:10:\"3182210173\";s:13:\"nid_img_front\";s:17:\"1413594729228.jpg\";s:12:\"nid_img_back\";s:17:\"1413594771539.jpg\";s:10:\"created_at\";s:19:\"2014-10-17 18:41:18\";s:10:\"last_login\";s:19:\"2014-10-17 06:06:42\";s:8:\"verified\";s:2:\"si\";s:15:\"loggedin_public\";b:1;s:8:\"new_user\";b:0;}'),('4af09f706ecfb8b1e2816ca8cc4a098c','186.146.131.94','Mozilla/5.0 (Linux; U) AppleWebKit/537.4 (KHTML, like Gecko) Chrome/22.0.1229.79 Safari/537.4',1413602463,'a:6:{s:9:\"user_data\";s:0:\"\";s:3:\"nid\";s:8:\"16724394\";s:5:\"email\";s:20:\"tito5038@hotmail.com\";s:15:\"loggedin_public\";b:1;s:8:\"new_user\";b:1;s:14:\"priority_email\";s:20:\"tito5038@hotmail.com\";}'),('de38f5a14ba2518a8bf40976e0d1ba9a','200.118.13.197','Mozilla/5.0 (iPad; CPU OS 7_1_2 like Mac OS X) AppleWebKit/537.51.2 (KHTML, like Gecko) Version/7.0 Mobile/11D257 Safari',1413698747,'a:6:{s:9:\"user_data\";s:0:\"\";s:3:\"nid\";s:10:\"1010111573\";s:5:\"email\";s:24:\"andresfelipe56@gmail.com\";s:15:\"loggedin_public\";b:1;s:8:\"new_user\";b:1;s:14:\"priority_email\";s:24:\"andresfelipe56@gmail.com\";}'),('924edff27b7e52e66db4e520273e18b7','181.58.203.254','Mozilla/5.0 (Macintosh; Intel Mac OS X 10_9_5) AppleWebKit/537.36 (KHTML, like Gecko) Chrome/38.0.2125.104 Safari/537.36',1413636305,'a:6:{s:9:\"user_data\";s:0:\"\";s:3:\"nid\";s:8:\"19260450\";s:5:\"email\";s:15:\"taroa@yahoo.com\";s:15:\"loggedin_public\";b:1;s:8:\"new_user\";b:1;s:14:\"priority_email\";s:15:\"taroa@yahoo.com\";}'),('aac2a2c0e1fe811b0c2157b6727abcee','190.84.118.230','Mozilla/5.0 (Windows NT 6.1; WOW64) AppleWebKit/537.36 (KHTML, like Gecko) Chrome/37.0.2062.124 Safari/537.36',1413639365,'a:15:{s:9:\"user_data\";s:0:\"\";s:3:\"nid\";s:8:\"79269584\";s:5:\"email\";s:25:\"j.bayona@chemiworldsas.co\";s:15:\"loggedin_public\";b:1;s:8:\"new_user\";b:0;s:14:\"priority_email\";s:25:\"j.bayona@chemiworldsas.co\";s:4:\"name\";s:14:\"juan francisco\";s:8:\"lastname\";s:6:\"bayona\";s:9:\"cellphone\";s:10:\"3202311002\";s:10:\"last_login\";s:19:\"2014-10-18 06:06:38\";s:13:\"nid_img_front\";s:22:\"cedula_jfb_frontal.jpg\";s:12:\"nid_img_back\";s:22:\"cedula_jfb_trasera.jpg\";s:2:\"id\";s:2:\"87\";s:10:\"created_at\";s:19:\"2014-10-18 06:36:52\";s:8:\"verified\";s:2:\"no\";}'),('548ce05d8c710a2ff5a92aa2a6361e24','190.84.118.230','Mozilla/5.0 (compatible; MSIE 9.0; Windows NT 6.1; WOW64; Trident/5.0)',1413639732,'a:14:{s:9:\"user_data\";s:0:\"\";s:2:\"id\";s:2:\"87\";s:5:\"email\";s:25:\"j.bayona@chemiworldsas.co\";s:3:\"nid\";s:8:\"79269584\";s:4:\"name\";s:14:\"juan francisco\";s:8:\"lastname\";s:6:\"bayona\";s:9:\"cellphone\";s:10:\"3202311002\";s:13:\"nid_img_front\";s:22:\"cedula_jfb_frontal.jpg\";s:12:\"nid_img_back\";s:22:\"cedula_jfb_trasera.jpg\";s:10:\"created_at\";s:19:\"2014-10-18 06:36:52\";s:10:\"last_login\";s:19:\"2014-10-18 06:06:38\";s:8:\"verified\";s:2:\"si\";s:15:\"loggedin_public\";b:1;s:8:\"new_user\";b:0;}'),('4c01c1cee0f847d08a1b839e279097bb','190.84.118.230','Mozilla/5.0 (compatible; MSIE 9.0; Windows NT 6.1; WOW64; Trident/5.0)',1413639736,''),('7bd83745ad80117bce7f8798f2de578d','190.27.135.118','Mozilla/5.0 (Macintosh; Intel Mac OS X 10_9_5) AppleWebKit/537.36 (KHTML, like Gecko) Chrome/38.0.2125.104 Safari/537.36',1413649398,'a:15:{s:9:\"user_data\";s:0:\"\";s:2:\"id\";s:2:\"82\";s:5:\"email\";s:20:\"aaclavijoa@gmail.com\";s:3:\"nid\";s:8:\"79265069\";s:4:\"name\";s:14:\"Alvaro Arturo \";s:8:\"lastname\";s:15:\"Clavijo Alvarez\";s:9:\"cellphone\";s:10:\"3162506206\";s:13:\"nid_img_front\";s:19:\"micedulafrente.jpeg\";s:12:\"nid_img_back\";s:20:\"micedulareverso.jpeg\";s:10:\"created_at\";s:19:\"2014-10-16 17:43:17\";s:10:\"last_login\";s:19:\"2014-10-16 05:05:52\";s:8:\"verified\";s:2:\"si\";s:15:\"loggedin_public\";b:1;s:8:\"new_user\";b:0;s:14:\"priority_email\";s:20:\"aaclavijoa@gmail.com\";}'),('13127eee7dabf4eb683f7a7107ea0158','190.12.157.70','Mozilla/5.0 (Windows NT 6.1; WOW64; rv:29.0) Gecko/20100101 Firefox/29.0',1413651131,''),('351dd44c09157b202aede7e8806f9ff1','186.118.225.253','Mozilla/5.0 (Windows NT 6.1; WOW64) AppleWebKit/537.36 (KHTML, like Gecko) Chrome/37.0.2062.124 Safari/537.36',1413659590,'a:15:{s:9:\"user_data\";s:0:\"\";s:3:\"nid\";s:8:\"79219660\";s:5:\"email\";s:26:\"sebastian_2194@hotmail.com\";s:15:\"loggedin_public\";b:1;s:8:\"new_user\";b:0;s:14:\"priority_email\";s:26:\"sebastian_2194@hotmail.com\";s:4:\"name\";s:13:\"John Bladimir\";s:8:\"lastname\";s:17:\"Parrales Martinez\";s:9:\"cellphone\";s:10:\"3102257230\";s:10:\"last_login\";s:19:\"2014-10-18 12:12:14\";s:13:\"nid_img_front\";s:19:\"20141018_135728.jpg\";s:12:\"nid_img_back\";s:19:\"20141018_135757.jpg\";s:2:\"id\";s:2:\"88\";s:10:\"created_at\";s:19:\"2014-10-18 12:13:45\";s:8:\"verified\";s:2:\"si\";}'),('fe7944ea8427516711890c511fb82c8e','191.110.50.17','Mozilla/5.0 (iPhone; CPU iPhone OS 7_1_2 like Mac OS X) AppleWebKit/537.51.2 (KHTML, like Gecko) Version/7.0 Mobile/11D2',1413668289,''),('f21571b909dd70dc1445c6a635793e9b','190.60.197.210','Mozilla/5.0 (Windows NT 6.2) AppleWebKit/537.36 (KHTML, like Gecko) Chrome/38.0.2125.104 Safari/537.36',1413672522,'a:6:{s:9:\"user_data\";s:0:\"\";s:3:\"nid\";s:10:\"1010111573\";s:5:\"email\";s:24:\"andresfelipe56@gmail.com\";s:15:\"loggedin_public\";b:1;s:8:\"new_user\";b:1;s:14:\"priority_email\";s:24:\"andresfelipe56@gmail.com\";}'),('2a2cfc8d40ede662c76afb36ad8760ca','181.136.115.120','Mozilla/5.0 (Windows NT 6.2) AppleWebKit/537.36 (KHTML, like Gecko) Chrome/38.0.2125.104 Safari/537.36',1413674315,'a:15:{s:9:\"user_data\";s:0:\"\";s:3:\"nid\";s:10:\"1010111573\";s:5:\"email\";s:24:\"andresfelipe56@gmail.com\";s:15:\"loggedin_public\";b:1;s:8:\"new_user\";b:0;s:14:\"priority_email\";s:24:\"andresfelipe56@gmail.com\";s:4:\"name\";s:13:\"Andres Felipe\";s:8:\"lastname\";s:14:\"Gonzalez Amaya\";s:9:\"cellphone\";s:2:\"31\";s:10:\"last_login\";s:19:\"2014-10-18 04:04:12\";s:13:\"nid_img_front\";s:23:\"NuevoDocumento_56_1.jpg\";s:12:\"nid_img_back\";s:23:\"NuevoDocumento_56_2.jpg\";s:2:\"id\";s:2:\"89\";s:10:\"created_at\";s:19:\"2014-10-18 16:11:44\";s:8:\"verified\";s:2:\"no\";}'),('8f13f32ad980496a8ceb7766eb56f1c9','181.136.115.120','Mozilla/5.0 (Windows NT 6.2) AppleWebKit/537.36 (KHTML, like Gecko) Chrome/38.0.2125.104 Safari/537.36',1413674316,''),('9856d27c1baa2723b3673639942de8bb','181.207.140.201','Mozilla/5.0 (iPhone; CPU iPhone OS 8_0_2 like Mac OS X) AppleWebKit/600.1.4 (KHTML, like Gecko) Version/8.0 Mobile/12A40',1413675549,'a:14:{s:9:\"user_data\";s:0:\"\";s:2:\"id\";s:2:\"89\";s:5:\"email\";s:24:\"andresfelipe56@gmail.com\";s:3:\"nid\";s:10:\"1010111573\";s:4:\"name\";s:13:\"Andres Felipe\";s:8:\"lastname\";s:14:\"Gonzalez Amaya\";s:9:\"cellphone\";s:2:\"31\";s:13:\"nid_img_front\";s:23:\"NuevoDocumento_56_1.jpg\";s:12:\"nid_img_back\";s:23:\"NuevoDocumento_56_2.jpg\";s:10:\"created_at\";s:19:\"2014-10-18 16:11:44\";s:10:\"last_login\";s:19:\"2014-10-18 04:04:13\";s:8:\"verified\";s:2:\"si\";s:15:\"loggedin_public\";b:1;s:8:\"new_user\";b:0;}'),('77721dd8d8e7c0aa348802efbbf7c171','190.27.68.7','Mozilla/5.0 (Windows NT 6.1; WOW64; Trident/7.0; rv:11.0) like Gecko',1413676501,'a:14:{s:9:\"user_data\";s:0:\"\";s:2:\"id\";s:2:\"90\";s:5:\"email\";s:21:\"odcardona@hotmail.com\";s:3:\"nid\";s:8:\"10251382\";s:4:\"name\";s:11:\"Omar Darío\";s:8:\"lastname\";s:16:\"Cardona Arboleda\";s:9:\"cellphone\";s:10:\"3122322854\";s:13:\"nid_img_front\";s:18:\"Cédula_Frente.jpg\";s:12:\"nid_img_back\";s:18:\"Cédula_atrás.jpg\";s:10:\"created_at\";s:19:\"2014-10-18 16:45:48\";s:10:\"last_login\";s:19:\"2014-10-18 04:04:48\";s:8:\"verified\";s:2:\"si\";s:15:\"loggedin_public\";b:1;s:8:\"new_user\";b:0;}'),('741a91a71b09cc10f6dcd66d3c25128a','190.27.68.7','Mozilla/5.0 (Windows NT 6.1; Win64; x64; Trident/7.0; rv:11.0) like Gecko',1413676133,''),('f921ac58c211e5b60f0c9f41154a69ac','190.27.68.7','Mozilla/5.0 (Windows NT 6.1; WOW64) AppleWebKit/537.36 (KHTML, like Gecko) Chrome/38.0.2125.101 Safari/537.36',1413676135,'a:15:{s:9:\"user_data\";s:0:\"\";s:2:\"id\";s:2:\"90\";s:5:\"email\";s:21:\"odcardona@hotmail.com\";s:3:\"nid\";s:8:\"10251382\";s:4:\"name\";s:11:\"Omar Darío\";s:8:\"lastname\";s:16:\"Cardona Arboleda\";s:9:\"cellphone\";s:10:\"3122322854\";s:13:\"nid_img_front\";s:18:\"Cédula_Frente.jpg\";s:12:\"nid_img_back\";s:18:\"Cédula_atrás.jpg\";s:10:\"created_at\";s:19:\"2014-10-18 16:45:48\";s:10:\"last_login\";s:19:\"2014-10-18 04:04:47\";s:8:\"verified\";s:2:\"si\";s:15:\"loggedin_public\";b:1;s:8:\"new_user\";b:0;s:14:\"priority_email\";s:21:\"odcardona@hotmail.com\";}'),('6c264ec0b9915f9a9c3fb55d23944360','181.139.7.166','Mozilla/5.0 (Windows NT 6.1) AppleWebKit/537.36 (KHTML, like Gecko) Chrome/38.0.2125.104 Safari/537.36',1413680134,'a:6:{s:9:\"user_data\";s:0:\"\";s:3:\"nid\";s:8:\"10273943\";s:5:\"email\";s:22:\"joseale910@hotmail.com\";s:15:\"loggedin_public\";b:1;s:8:\"new_user\";b:1;s:14:\"priority_email\";s:22:\"joseale910@hotmail.com\";}'),('03368358f94f60d3298b41c0d178a3a8','181.55.222.246','Mozilla/5.0 (Linux; Android 4.4.2; D6503 Build/17.1.A.2.55) AppleWebKit/537.36 (KHTML, like Gecko) Chrome/38.0.2125.102 ',1413681236,''),('54fc6dd86b2d2a306b05028d9a277ca5','190.25.149.123','Mozilla/5.0 (Windows NT 5.1) AppleWebKit/534.24 (KHTML, like Gecko) Chrome/11.0.696.77 Safari/534.24',1413682955,'a:6:{s:9:\"user_data\";s:0:\"\";s:3:\"nid\";s:8:\"11227289\";s:5:\"email\";s:24:\"fredy9112006@hotmail.com\";s:15:\"loggedin_public\";b:1;s:8:\"new_user\";b:1;s:14:\"priority_email\";s:24:\"fredy9112006@hotmail.com\";}'),('1612a8b7a9130cb081eac3bab4c308cd','190.66.117.60','Mozilla/5.0 (Windows NT 6.1; WOW64) AppleWebKit/537.36 (KHTML, like Gecko) Chrome/38.0.2125.104 Safari/537.36',1413688109,'a:6:{s:9:\"user_data\";s:0:\"\";s:3:\"nid\";s:8:\"65763428\";s:5:\"email\";s:22:\"traslado12@hotmail.com\";s:15:\"loggedin_public\";b:1;s:8:\"new_user\";b:1;s:14:\"priority_email\";s:22:\"traslado12@hotmail.com\";}'),('6a9711d8ab27937f5450a2bcacb573cf','181.237.200.121','Mozilla/5.0 (iPad; CPU OS 8_0_2 like Mac OS X) AppleWebKit/600.1.4 (KHTML, like Gecko) Version/8.0 Mobile/12A405 Safari/',1413693167,'a:6:{s:9:\"user_data\";s:0:\"\";s:3:\"nid\";s:8:\"75049551\";s:5:\"email\";s:21:\"a.car.flo@hotmail.com\";s:15:\"loggedin_public\";b:1;s:8:\"new_user\";b:1;s:14:\"priority_email\";s:21:\"a.car.flo@hotmail.com\";}'),('f5bacdd94e8baec38e1dc2b972929ab0','201.233.39.20','Mozilla/5.0 (Linux; NetCast; U) AppleWebKit/537.31 (KHTML, like Gecko) Chrome/26.0.1410.33 Safari/537.31 SmartTV/5.0',1413691998,'a:6:{s:9:\"user_data\";s:0:\"\";s:3:\"nid\";s:8:\"98550618\";s:5:\"email\";s:19:\"chepe122@hotmail.om\";s:15:\"loggedin_public\";b:1;s:8:\"new_user\";b:1;s:14:\"priority_email\";s:19:\"chepe122@hotmail.om\";}'),('43599a1aa6975fc91883eed35c16e36c','181.59.137.213','Mozilla/5.0 (Windows NT 6.1; WOW64) AppleWebKit/537.36 (KHTML, like Gecko) Chrome/37.0.2062.124 Safari/537.36',1413693252,'a:6:{s:9:\"user_data\";s:0:\"\";s:3:\"nid\";s:8:\"39437809\";s:5:\"email\";s:19:\"parlo14@hotmail.com\";s:15:\"loggedin_public\";b:1;s:8:\"new_user\";b:1;s:14:\"priority_email\";s:19:\"parlo14@hotmail.com\";}'),('6280384fbcfbe54f01bed4854d0201af','181.58.203.254','Mozilla/5.0 (Macintosh; Intel Mac OS X 10_9_5) AppleWebKit/537.36 (KHTML, like Gecko) Chrome/38.0.2125.104 Safari/537.36',1413716036,'a:15:{s:9:\"user_data\";s:0:\"\";s:3:\"nid\";s:8:\"19260450\";s:5:\"email\";s:15:\"taroa@yahoo.com\";s:15:\"loggedin_public\";b:1;s:8:\"new_user\";b:0;s:14:\"priority_email\";s:15:\"taroa@yahoo.com\";s:4:\"name\";s:5:\"Luis \";s:8:\"lastname\";s:8:\"Guerrero\";s:9:\"cellphone\";s:10:\"3176461687\";s:10:\"last_login\";s:19:\"2014-10-19 03:03:54\";s:13:\"nid_img_front\";s:26:\"Cedula_Luis_Francisco1.jpg\";s:12:\"nid_img_back\";s:26:\"Cedula_Luis_Francisco2.jpg\";s:2:\"id\";s:2:\"91\";s:10:\"created_at\";s:19:\"2014-10-19 03:53:17\";s:8:\"verified\";s:2:\"si\";}'),('8c2ef897042e96938b9b1c68a3378707','181.58.203.254','Mozilla/5.0 (iPad; CPU OS 8_0_2 like Mac OS X) AppleWebKit/600.1.4 (KHTML, like Gecko) Version/8.0 Mobile/12A405 Safari/',1413716876,''),('014b526528ace81541b8edc0941a4cd4','186.84.183.68','Mozilla/5.0 (Windows NT 6.2; WOW64) AppleWebKit/537.36 (KHTML, like Gecko) Chrome/36.0.1985.125 Safari/537.36',1413737625,'a:15:{s:9:\"user_data\";s:0:\"\";s:3:\"nid\";s:8:\"19433240\";s:5:\"email\";s:23:\"cheocastro1@hotmail.com\";s:15:\"loggedin_public\";b:1;s:8:\"new_user\";b:0;s:14:\"priority_email\";s:23:\"cheocastro1@hotmail.com\";s:4:\"name\";s:9:\"sigifredo\";s:8:\"lastname\";s:6:\"castro\";s:9:\"cellphone\";s:10:\"3164513868\";s:10:\"last_login\";s:19:\"2014-10-19 08:08:11\";s:13:\"nid_img_front\";s:19:\"cedula_cheo_(1).jpg\";s:12:\"nid_img_back\";s:19:\"cedula_cheo_(2).jpg\";s:2:\"id\";s:2:\"92\";s:10:\"created_at\";s:19:\"2014-10-19 08:09:54\";s:8:\"verified\";s:2:\"si\";}'),('a9b316df3af09438834ac6824c04bc37','181.135.145.200','Mozilla/5.0 (Linux; Android 4.4.2; LG-D855 Build/KVT49L.A1408002079) AppleWebKit/537.36 (KHTML, like Gecko) Chrome/38.0.',1413731530,'a:6:{s:9:\"user_data\";s:0:\"\";s:3:\"nid\";s:8:\"80191539\";s:5:\"email\";s:22:\"andres.pr777@gmail.com\";s:15:\"loggedin_public\";b:1;s:8:\"new_user\";b:1;s:14:\"priority_email\";s:22:\"andres.pr777@gmail.com\";}'),('d2c448ee583c008ca7de337008aa3324','181.135.145.200','Dalvik/1.6.0 (Linux; U; Android 4.4.2; LG-D855 Build/KVT49L.A1408002079)',1413730760,''),('83103a7a2537f23446f3fc3242cd958d','181.135.145.200','Dalvik/1.6.0 (Linux; U; Android 4.4.2; LG-D855 Build/KVT49L.A1408002079)',1413730763,''),('05445c9f0cc6a6b96bcc8fcc4c37efad','186.118.103.26','Mozilla/5.0 (Linux; NetCast; U) AppleWebKit/537.4 (KHTML, like Gecko) Chrome/22.0.1229.79 Safari/537.4 SmartTV/4.6',1413734894,'a:6:{s:9:\"user_data\";s:0:\"\";s:3:\"nid\";s:8:\"79857561\";s:5:\"email\";s:28:\"rodriguezyarboleda@yahoo.com\";s:15:\"loggedin_public\";b:1;s:8:\"new_user\";b:1;s:14:\"priority_email\";s:28:\"rodriguezyarboleda@yahoo.com\";}'),('f4298d5cf3e68214cf76f7f5e1275d34','186.118.103.26','Mozilla/5.0 (Windows NT 6.1) AppleWebKit/537.36 (KHTML, like Gecko) Chrome/37.0.2062.124 Safari/537.36',1413736049,'a:13:{s:9:\"user_data\";s:0:\"\";s:3:\"nid\";s:8:\"79857561\";s:5:\"email\";s:28:\"rodriguezyarboleda@yahoo.com\";s:15:\"loggedin_public\";b:1;s:8:\"new_user\";b:0;s:14:\"priority_email\";s:28:\"rodriguezyarboleda@yahoo.com\";s:4:\"name\";s:13:\"GUSTAVO ENEAS\";s:8:\"lastname\";s:16:\"RODRIGUEZ RINCON\";s:9:\"cellphone\";s:10:\"3163589429\";s:10:\"last_login\";s:18:\"2014-10-19 9:09:27\";s:13:\"nid_img_front\";s:16:\"cedula_1_001.jpg\";s:12:\"nid_img_back\";s:16:\"cedula_2_001.jpg\";s:2:\"id\";i:93;}'),('9eea6a962c2d8ee53c6ae7cbaf8272c7','181.135.145.200','Dalvik/1.6.0 (Linux; U; Android 4.4.2; LG-D855 Build/KVT49L.A1408002079)',1413736038,''),('15c643291fc17f79527a4552ef60b294','181.135.145.200','Dalvik/1.6.0 (Linux; U; Android 4.4.2; LG-D855 Build/KVT49L.A1408002079)',1413736042,''),('a93b8dbe4a479db3c8627109430a52de','190.146.17.104','Mozilla/5.0 (Windows NT 6.3; WOW64) AppleWebKit/537.36 (KHTML, like Gecko) Chrome/38.0.2125.104 Safari/537.36',1413747162,'a:6:{s:9:\"user_data\";s:0:\"\";s:3:\"nid\";s:7:\"7174307\";s:5:\"email\";s:25:\"leosuarez@holdtrade.co.uk\";s:15:\"loggedin_public\";b:1;s:8:\"new_user\";b:1;s:14:\"priority_email\";s:25:\"leosuarez@holdtrade.co.uk\";}'),('d64b3a357e20dfeec2250dd9861d3283','179.49.178.66','Mozilla/5.0 (iPhone; CPU iPhone OS 8_0_2 like Mac OS X) AppleWebKit/600.1.4 (KHTML, like Gecko) CriOS/38.0.2125.59 Mobil',1413749993,'a:6:{s:9:\"user_data\";s:0:\"\";s:3:\"nid\";s:8:\"15440875\";s:5:\"email\";s:19:\"parlo14@hotmail.com\";s:15:\"loggedin_public\";b:1;s:8:\"new_user\";b:1;s:14:\"priority_email\";s:19:\"parlo14@hotmail.com\";}'),('1d9cba6d83dcbc728e82983a2cbda6e1','181.33.253.96','Mozilla/5.0 (Linux; U) AppleWebKit/537.4 (KHTML, like Gecko) Chrome/22.0.1229.79 Safari/537.4',1413756747,'a:6:{s:9:\"user_data\";s:0:\"\";s:3:\"nid\";s:8:\"36561084\";s:5:\"email\";s:21:\"luznidia1@hotmail.com\";s:15:\"loggedin_public\";b:1;s:8:\"new_user\";b:1;s:14:\"priority_email\";s:21:\"luznidia1@hotmail.com\";}'),('3df69e50e07f443dbfc42f7855934b84','186.29.202.146','Mozilla/5.0 (compatible; MSIE 9.0; Windows NT 6.1; Trident/5.0)',1413756955,'a:6:{s:9:\"user_data\";s:0:\"\";s:3:\"nid\";s:8:\"79264350\";s:5:\"email\";s:21:\"gomezaudias@gmail.com\";s:15:\"loggedin_public\";b:1;s:8:\"new_user\";b:1;s:14:\"priority_email\";s:21:\"gomezaudias@gmail.com\";}'),('be2091340d5ace6fe1388cb217b74143','191.105.247.170','Mozilla/5.0 (Windows NT 6.3; WOW64) AppleWebKit/537.36 (KHTML, like Gecko) Chrome/37.0.2062.124 Safari/537.36',1413767850,'a:6:{s:9:\"user_data\";s:0:\"\";s:3:\"nid\";s:8:\"75049551\";s:5:\"email\";s:21:\"a.car.flo@hotmail.com\";s:15:\"loggedin_public\";b:1;s:8:\"new_user\";b:1;s:14:\"priority_email\";s:21:\"a.car.flo@hotmail.com\";}'),('bf64a22df58e9ac94e65857e0ee8a9f5','190.252.140.204','Mozilla/5.0 (Windows NT 6.3; WOW64) AppleWebKit/537.36 (KHTML, like Gecko) Chrome/36.0.1985.143 Safari/537.36',1413768896,'a:13:{s:9:\"user_data\";s:0:\"\";s:3:\"nid\";s:7:\"5668019\";s:5:\"email\";s:20:\"finacred@hotmail.com\";s:15:\"loggedin_public\";b:1;s:8:\"new_user\";b:0;s:14:\"priority_email\";s:20:\"finacred@hotmail.com\";s:4:\"name\";s:6:\"Julian\";s:8:\"lastname\";s:12:\"Diaz Moncada\";s:9:\"cellphone\";s:10:\"3102506209\";s:10:\"last_login\";s:18:\"2014-10-19 6:06:35\";s:13:\"nid_img_front\";s:18:\"cedula_frontal.jpg\";s:12:\"nid_img_back\";s:18:\"cedula_trasera.jpg\";s:2:\"id\";i:95;}'),('f5034ef5923632f85bf27c80bcbf2982','191.105.247.170','Mozilla/5.0 (Windows NT 6.3; WOW64) AppleWebKit/537.36 (KHTML, like Gecko) Chrome/37.0.2062.124 Safari/537.36',1413767851,''),('f76f085bd9f88e8675bd4baed4401da7','191.105.247.170','Mozilla/5.0 (Windows NT 6.3; WOW64) AppleWebKit/537.36 (KHTML, like Gecko) Chrome/37.0.2062.124 Safari/537.36',1413767853,''),('35fd740341a26936c0ec47184f888dea','191.105.247.170','Mozilla/5.0 (Windows NT 6.3; WOW64) AppleWebKit/537.36 (KHTML, like Gecko) Chrome/37.0.2062.124 Safari/537.36',1413767853,''),('ffe7a61e1ce2413ff330275c1647f20d','191.105.247.170','Mozilla/5.0 (Windows NT 6.3; WOW64) AppleWebKit/537.36 (KHTML, like Gecko) Chrome/37.0.2062.124 Safari/537.36',1413767853,''),('d6fa16e42b239d3007211f3163097076','191.105.247.170','Mozilla/5.0 (Windows NT 6.3; WOW64) AppleWebKit/537.36 (KHTML, like Gecko) Chrome/37.0.2062.124 Safari/537.36',1413767854,''),('5007e26932668462a4b13e31f3283d5c','191.105.247.170','Mozilla/5.0 (Windows NT 6.3; WOW64) AppleWebKit/537.36 (KHTML, like Gecko) Chrome/37.0.2062.124 Safari/537.36',1413768624,'a:15:{s:9:\"user_data\";s:0:\"\";s:3:\"nid\";s:8:\"75049551\";s:5:\"email\";s:21:\"a.car.flo@hotmail.com\";s:15:\"loggedin_public\";b:1;s:8:\"new_user\";b:0;s:14:\"priority_email\";s:21:\"a.car.flo@hotmail.com\";s:4:\"name\";s:15:\"AICARDO ANTONIO\";s:8:\"lastname\";s:14:\"CARMONA FLOREZ\";s:9:\"cellphone\";s:10:\"3178930965\";s:10:\"last_login\";s:19:\"2014-10-19 06:06:29\";s:13:\"nid_img_front\";s:25:\"Escáner_20141019_(3).jpg\";s:12:\"nid_img_back\";s:25:\"Escáner_20141019_(5).jpg\";s:2:\"id\";s:2:\"94\";s:10:\"created_at\";s:19:\"2014-10-19 18:28:24\";s:8:\"verified\";s:2:\"no\";}'),('ac0ace06e314a5036f32a13ae3a465a5','191.105.136.119','Mozilla/5.0 (Linux; Android 4.4.2; es-es; SAMSUNG SM-N900 Build/KOT49H) AppleWebKit/537.36 (KHTML, like Gecko) Version/1',1413768708,'a:14:{s:9:\"user_data\";s:0:\"\";s:2:\"id\";s:2:\"94\";s:5:\"email\";s:21:\"a.car.flo@hotmail.com\";s:3:\"nid\";s:8:\"75049551\";s:4:\"name\";s:15:\"AICARDO ANTONIO\";s:8:\"lastname\";s:14:\"CARMONA FLOREZ\";s:9:\"cellphone\";s:10:\"3178930965\";s:13:\"nid_img_front\";s:25:\"Escáner_20141019_(3).jpg\";s:12:\"nid_img_back\";s:25:\"Escáner_20141019_(5).jpg\";s:10:\"created_at\";s:19:\"2014-10-19 18:28:24\";s:10:\"last_login\";s:19:\"2014-10-19 06:06:30\";s:8:\"verified\";s:2:\"si\";s:15:\"loggedin_public\";b:1;s:8:\"new_user\";b:0;}'),('41875451f924087578d42c15f8c6a1d1','201.234.247.226','Mozilla/5.0 (Windows NT 6.1; WOW64) AppleWebKit/537.36 (KHTML, like Gecko) Chrome/37.0.2062.124 Safari/537.36',1413837603,'a:4:{s:9:\"user_data\";s:0:\"\";s:7:\"user_id\";s:1:\"1\";s:8:\"username\";s:2:\"LG\";s:9:\"logged_in\";b:1;}'),('1919faf8b02354d66f0409e20c9bae2b','201.234.247.226','Mozilla/5.0 (Windows NT 6.1; WOW64) AppleWebKit/537.36 (KHTML, like Gecko) Chrome/37.0.2062.124 Safari/537.36',1413920473,'a:4:{s:9:\"user_data\";s:0:\"\";s:7:\"user_id\";s:1:\"1\";s:8:\"username\";s:2:\"LG\";s:9:\"logged_in\";b:1;}'),('86022e03d7d2b33ec8f8a7b6953e6432','190.35.109.130','Mozilla/5.0 (Windows NT 6.3; WOW64; Trident/7.0; rv:11.0) like Gecko',1413997851,'a:6:{s:9:\"user_data\";s:0:\"\";s:3:\"nid\";s:7:\"8811272\";s:5:\"email\";s:26:\"alexandrabruneln@gmail.com\";s:15:\"loggedin_public\";b:1;s:8:\"new_user\";b:1;s:14:\"priority_email\";s:26:\"alexandrabruneln@gmail.com\";}'),('64ee25e602e5b87256e45749e5a59d93','190.35.109.130','Mozilla/5.0 (Windows NT 6.3; Win64; x64; Trident/7.0; rv:11.0) like Gecko',1413997853,''),('cbf0408df69a6a81a9a93fe8b2972696','201.234.247.226','Mozilla/5.0 (Windows NT 6.1; WOW64) AppleWebKit/537.36 (KHTML, like Gecko) Chrome/37.0.2062.124 Safari/537.36',1413921175,'a:4:{s:9:\"user_data\";s:0:\"\";s:7:\"user_id\";s:1:\"1\";s:8:\"username\";s:2:\"LG\";s:9:\"logged_in\";b:1;}'),('998db7fa0f94fcff21e36d3014871f6b','201.234.247.226','Mozilla/5.0 (Windows NT 6.1; WOW64) AppleWebKit/537.36 (KHTML, like Gecko) Chrome/37.0.2062.124 Safari/537.36',1413930156,'a:15:{s:9:\"user_data\";s:0:\"\";s:2:\"id\";s:3:\"100\";s:5:\"email\";s:18:\"apexmd21@gmail.com\";s:3:\"nid\";s:10:\"1018422095\";s:4:\"name\";s:4:\"Alex\";s:8:\"lastname\";s:5:\"Perea\";s:9:\"cellphone\";s:10:\"3003583092\";s:13:\"nid_img_front\";N;s:12:\"nid_img_back\";N;s:10:\"created_at\";s:19:\"2014-10-21 09:22:44\";s:10:\"last_login\";s:19:\"2014-10-21 01:01:00\";s:8:\"verified\";s:2:\"si\";s:15:\"loggedin_public\";b:1;s:8:\"new_user\";b:0;s:14:\"priority_email\";s:18:\"apexmd21@gmail.com\";}'),('f40de82fecc0b8dd5500095716246f9e','201.234.247.226','Mozilla/5.0 (Linux; Android 4.4.2; SM-G900H Build/KOT49H) AppleWebKit/537.36 (KHTML, like Gecko) Chrome/38.0.2125.102 Mo',1413929643,'a:15:{s:9:\"user_data\";s:0:\"\";s:2:\"id\";s:3:\"100\";s:5:\"email\";s:18:\"apexmd21@gmail.com\";s:3:\"nid\";s:10:\"1018422095\";s:4:\"name\";s:4:\"Alex\";s:8:\"lastname\";s:5:\"Perea\";s:9:\"cellphone\";s:10:\"3003583092\";s:13:\"nid_img_front\";N;s:12:\"nid_img_back\";N;s:10:\"created_at\";s:19:\"2014-10-21 09:22:44\";s:10:\"last_login\";s:19:\"2014-10-21 02:02:18\";s:8:\"verified\";s:2:\"si\";s:15:\"loggedin_public\";b:1;s:8:\"new_user\";b:0;s:14:\"priority_email\";s:18:\"apexmd21@gmail.com\";}'),('4f4d22d21f0ea7460394fc24bbf5a073','201.234.247.226','Mozilla/5.0 (Windows NT 6.1; WOW64) AppleWebKit/537.36 (KHTML, like Gecko) Chrome/37.0.2062.124 Safari/537.36',1414013443,'a:4:{s:9:\"user_data\";s:0:\"\";s:7:\"user_id\";s:1:\"1\";s:8:\"username\";s:2:\"LG\";s:9:\"logged_in\";b:1;}'),('e2c5c69dda42f170b7a8aada45095355','136.166.251.100','Mozilla/5.0 (Windows NT 6.1; WOW64) AppleWebKit/537.36 (KHTML, like Gecko) Chrome/38.0.2125.104 Safari/537.36',1414101251,'a:6:{s:9:\"user_data\";s:0:\"\";s:3:\"nid\";s:6:\"153882\";s:5:\"email\";s:21:\"zinia.english@lge.com\";s:15:\"loggedin_public\";b:1;s:8:\"new_user\";b:1;s:14:\"priority_email\";s:21:\"zinia.english@lge.com\";}'),('aef29fca2dc479dfd113644461061cf3','201.234.247.226','Mozilla/5.0 (Windows NT 6.1; WOW64) AppleWebKit/537.36 (KHTML, like Gecko) Chrome/38.0.2125.104 Safari/537.36',1414080280,'a:4:{s:9:\"user_data\";s:0:\"\";s:7:\"user_id\";s:1:\"1\";s:8:\"username\";s:2:\"LG\";s:9:\"logged_in\";b:1;}'),('f16bda97c4870d46cf509e66503035fb','103.253.211.196','Mozilla/5.0 (Windows NT 6.1; WOW64; Trident/7.0; rv:11.0) like Gecko',1415268899,''),('80961e336f65fae30e031e10bdfc98eb','127.0.0.1','Mozilla/5.0 (Windows NT 6.1; WOW64) AppleWebKit/537.36 (KHTML, like Gecko) Chrome/38.0.2125.111 Safari/537.36',1414505126,'a:4:{s:9:\"user_data\";s:0:\"\";s:7:\"user_id\";s:1:\"1\";s:8:\"username\";s:2:\"LG\";s:9:\"logged_in\";b:1;}'),('8ba404574c23b042e0efa106f3f41809','127.0.0.1','Mozilla/5.0 (Windows NT 6.1; WOW64) AppleWebKit/537.36 (KHTML, like Gecko) Chrome/38.0.2125.111 Safari/537.36',1414535886,'a:4:{s:9:\"user_data\";s:0:\"\";s:7:\"user_id\";s:1:\"1\";s:8:\"username\";s:2:\"LG\";s:9:\"logged_in\";b:1;}'),('1e9442c78e19bc74c88d130c3bf329e1','127.0.0.1','Mozilla/5.0 (Windows NT 6.1; WOW64) AppleWebKit/537.36 (KHTML, like Gecko) Chrome/38.0.2125.104 Safari/537.36',1414101099,'a:4:{s:9:\"user_data\";s:0:\"\";s:7:\"user_id\";s:1:\"1\";s:8:\"username\";s:2:\"LG\";s:9:\"logged_in\";b:1;}'),('c65f1b136d2651ce2ece8708dd29fabd','127.0.0.1','Mozilla/5.0 (Windows NT 6.1; WOW64) AppleWebKit/537.36 (KHTML, like Gecko) Chrome/38.0.2125.104 Safari/537.36',1414100678,'a:15:{s:9:\"user_data\";s:0:\"\";s:2:\"id\";s:3:\"101\";s:5:\"email\";s:18:\"apexmd21@gmail.com\";s:3:\"nid\";s:10:\"1018422095\";s:4:\"name\";s:4:\"Alex\";s:8:\"lastname\";s:5:\"Perea\";s:9:\"cellphone\";s:10:\"3003583092\";s:13:\"nid_img_front\";N;s:12:\"nid_img_back\";N;s:10:\"created_at\";s:19:\"2014-10-23 14:22:39\";s:10:\"last_login\";s:19:\"2014-10-23 11:11:37\";s:8:\"verified\";s:2:\"si\";s:15:\"loggedin_public\";b:1;s:8:\"new_user\";b:0;s:14:\"priority_email\";s:18:\"apexmd21@gmail.com\";}'),('991c445f32fee35edb9656e3b12359db','127.0.0.1','Mozilla/5.0 (Windows NT 6.1; WOW64) AppleWebKit/537.36 (KHTML, like Gecko) Chrome/38.0.2125.104 Safari/537.36',1414448271,'a:15:{s:9:\"user_data\";s:0:\"\";s:2:\"id\";s:3:\"101\";s:5:\"email\";s:18:\"apexmd21@gmail.com\";s:3:\"nid\";s:10:\"1018422095\";s:4:\"name\";s:4:\"Alex\";s:8:\"lastname\";s:5:\"Perea\";s:9:\"cellphone\";s:10:\"3003583092\";s:13:\"nid_img_front\";N;s:12:\"nid_img_back\";N;s:10:\"created_at\";s:19:\"2014-10-23 14:22:39\";s:10:\"last_login\";s:19:\"2014-10-24 07:07:49\";s:8:\"verified\";s:2:\"si\";s:15:\"loggedin_public\";b:1;s:8:\"new_user\";b:0;s:14:\"priority_email\";s:18:\"apexmd21@gmail.com\";}'),('95ae1381b3d93fb33138ea9d1b1f6282','127.0.0.1','Mozilla/5.0 (Windows NT 6.1; WOW64) AppleWebKit/537.36 (KHTML, like Gecko) Chrome/38.0.2125.104 Safari/537.36',1414167002,'a:4:{s:9:\"user_data\";s:0:\"\";s:7:\"user_id\";s:1:\"1\";s:8:\"username\";s:2:\"LG\";s:9:\"logged_in\";b:1;}'),('f2f68d78d02582e02e1d465683c9b299','201.234.247.226','Mozilla/5.0 (Windows NT 6.1; WOW64) AppleWebKit/537.36 (KHTML, like Gecko) Chrome/38.0.2125.111 Safari/537.36',1414771979,'a:4:{s:9:\"user_data\";s:0:\"\";s:7:\"user_id\";s:1:\"1\";s:8:\"username\";s:2:\"LG\";s:9:\"logged_in\";b:1;}'),('2350d242f9fc86eb2984dd5c4f27c33c','127.0.0.1','Mozilla/5.0 (Windows NT 6.1; WOW64) AppleWebKit/537.36 (KHTML, like Gecko) Chrome/38.0.2125.111 Safari/537.36',1415142825,'a:4:{s:9:\"user_data\";s:0:\"\";s:7:\"user_id\";s:1:\"1\";s:8:\"username\";s:2:\"LG\";s:9:\"logged_in\";b:1;}'),('3ddd3a136a675b633d8b9aada83a124e','127.0.0.1','Mozilla/5.0 (Windows NT 6.1; WOW64) AppleWebKit/537.36 (KHTML, like Gecko) Chrome/38.0.2125.111 Safari/537.36',1414530330,'a:11:{s:9:\"user_data\";s:0:\"\";s:3:\"nid\";s:10:\"1018422095\";s:5:\"email\";s:21:\"alexpereap@icloud.com\";s:15:\"loggedin_public\";b:1;s:8:\"new_user\";b:0;s:14:\"priority_email\";s:21:\"alexpereap@icloud.com\";s:4:\"name\";s:4:\"Alex\";s:8:\"lastname\";s:5:\"Perea\";s:9:\"cellphone\";s:10:\"3001212313\";s:10:\"last_login\";s:19:\"2014-10-28 10:10:06\";s:2:\"id\";i:106;}'),('e31121ff39dccccd0ee134255577ccdb','201.234.247.226','Mozilla/5.0 (Windows NT 6.1; WOW64) AppleWebKit/537.36 (KHTML, like Gecko) Chrome/38.0.2125.111 Safari/537.36',1415802965,'a:4:{s:9:\"user_data\";s:0:\"\";s:7:\"user_id\";s:1:\"1\";s:8:\"username\";s:2:\"LG\";s:9:\"logged_in\";b:1;}'),('78f00a39a9bf1065d8f4143ce4b40126','127.0.0.1','Mozilla/5.0 (Windows NT 6.1; WOW64) AppleWebKit/537.36 (KHTML, like Gecko) Chrome/38.0.2125.111 Safari/537.36',1414791302,'a:4:{s:9:\"user_data\";s:0:\"\";s:7:\"user_id\";s:1:\"1\";s:8:\"username\";s:2:\"LG\";s:9:\"logged_in\";b:1;}'),('1f35629f1598c228870e238142e2102f','186.82.228.236','Mozilla/5.0 (Windows NT 6.1; WOW64) AppleWebKit/537.36 (KHTML, like Gecko) Chrome/38.0.2125.111 Safari/537.36',1415572615,'a:6:{s:9:\"user_data\";s:0:\"\";s:3:\"nid\";s:8:\"53130911\";s:5:\"email\";s:17:\"caromvun@yahoo.es\";s:15:\"loggedin_public\";b:1;s:8:\"new_user\";b:1;s:14:\"priority_email\";s:17:\"caromvun@yahoo.es\";}'),('e4a4fc773ca12899aa345591d8d1bfd4','117.9.92.80','Mozilla/5.0 (Windows NT 6.1; WOW64; Trident/7.0; rv:11.0) like Gecko',1415629940,''),('afc1a232600a6fffe2f23a8115958926','127.0.0.1','Mozilla/5.0 (Windows NT 6.1; WOW64) AppleWebKit/537.36 (KHTML, like Gecko) Chrome/38.0.2125.111 Safari/537.36',1415141021,'a:11:{s:9:\"user_data\";s:0:\"\";s:3:\"nid\";s:10:\"1018422095\";s:5:\"email\";s:21:\"alexpereap@icloud.com\";s:15:\"loggedin_public\";b:1;s:8:\"new_user\";b:0;s:14:\"priority_email\";s:21:\"alexpereap@icloud.com\";s:4:\"name\";s:4:\"Alex\";s:8:\"lastname\";s:5:\"Perea\";s:9:\"cellphone\";s:10:\"3003583092\";s:10:\"last_login\";s:19:\"2014-11-04 11:11:39\";s:2:\"id\";i:112;}'),('e7b26e2ce7ef4abe54227d7bed8e3e1c','201.234.247.226','Mozilla/5.0 (Windows NT 6.1; WOW64) AppleWebKit/537.36 (KHTML, like Gecko) Chrome/38.0.2125.111 Safari/537.36',1415376990,'a:4:{s:9:\"user_data\";s:0:\"\";s:7:\"user_id\";s:1:\"1\";s:8:\"username\";s:2:\"LG\";s:9:\"logged_in\";b:1;}'),('d5321cfaf9a5ade3c2991ba2884fee5e','88.198.160.58','Mozilla/5.0 (compatible; XoviBot/2.0; +http://www.xovibot.net/)',1415775059,''),('7b6ea88f1c82e79adfc08b78a2e71e5f','181.178.3.211','Mozilla/5.0 (Linux; Android 4.2.2; LG-D805 Build/JDQ39B) AppleWebKit/537.36 (KHTML, like Gecko) Chrome/39.0.2171.59 Mobi',1415982552,'a:11:{s:9:\"user_data\";s:0:\"\";s:3:\"nid\";s:6:\"153882\";s:5:\"email\";s:24:\"balkys.english@gmail.com\";s:15:\"loggedin_public\";b:1;s:8:\"new_user\";b:0;s:14:\"priority_email\";s:24:\"balkys.english@gmail.com\";s:4:\"name\";s:5:\"zinia\";s:8:\"lastname\";s:7:\"english\";s:9:\"cellphone\";s:8:\"65280799\";s:10:\"last_login\";s:18:\"2014-11-14 9:09:29\";s:2:\"id\";i:117;}'),('9f4a70b9dd640f2ed2f8e9997ae1b431','201.234.247.226','Mozilla/5.0 (Windows NT 6.1; WOW64) AppleWebKit/537.36 (KHTML, like Gecko) Chrome/38.0.2125.111 Safari/537.36',1415980846,'a:4:{s:9:\"user_data\";s:0:\"\";s:7:\"user_id\";s:1:\"1\";s:8:\"username\";s:2:\"LG\";s:9:\"logged_in\";b:1;}'),('e898bbd0fbe328ce7655641f89c081b9','191.95.246.63','Mozilla/5.0 (Linux; Android 4.4.2; SM-G900H Build/KOT49H) AppleWebKit/537.36 (KHTML, like Gecko) Chrome/38.0.2125.114 Mo',1415982031,'a:6:{s:9:\"user_data\";s:0:\"\";s:3:\"nid\";s:10:\"1018422095\";s:5:\"email\";s:18:\"apexmd21@gmail.com\";s:15:\"loggedin_public\";b:1;s:8:\"new_user\";b:1;s:14:\"priority_email\";s:18:\"apexmd21@gmail.com\";}'),('a6e7312c8be18a658b5e6208edc10d06','181.38.157.23','Mozilla/5.0 (Linux; U; Android 4.4.2; es-sa; LG-D400 Build/KOT49I.V10a) AppleWebKit/537.36 (KHTML, like Gecko) Version/4',1415803997,'a:6:{s:9:\"user_data\";s:0:\"\";s:3:\"nid\";s:8:\"88122316\";s:5:\"email\";s:27:\"jhonnybultrom2901@gmail.com\";s:15:\"loggedin_public\";b:1;s:8:\"new_user\";b:1;s:14:\"priority_email\";s:27:\"jhonnybultrom2901@gmail.com\";}'),('178f84a8d9b75566a8e0a219b1bfde40','136.166.251.100','Mozilla/4.0 (compatible; MSIE 8.0; Windows NT 6.1; WOW64; Trident/4.0; CNS_UA; AD_LOGON=4C47452E4E4554; SLCC2; .NET CLR ',1415982542,'a:6:{s:9:\"user_data\";s:0:\"\";s:3:\"nid\";s:6:\"153882\";s:5:\"email\";s:23:\"zinia.english@gmail.com\";s:15:\"loggedin_public\";b:1;s:8:\"new_user\";b:1;s:14:\"priority_email\";s:23:\"zinia.english@gmail.com\";}'),('162e6a6cf488eecc1095051976df7512','136.166.251.100','Mozilla/5.0 (Windows NT 6.1) AppleWebKit/537.36 (KHTML, like Gecko) Chrome/38.0.2125.111 Safari/537.36',1416316282,'a:15:{s:9:\"user_data\";s:0:\"\";s:2:\"id\";s:3:\"118\";s:5:\"email\";s:30:\"mariavaleria.jimenez@gmail.com\";s:3:\"nid\";s:7:\"8798722\";s:4:\"name\";s:13:\"maria valeria\";s:8:\"lastname\";s:7:\"jimenez\";s:9:\"cellphone\";s:8:\"69485435\";s:13:\"nid_img_front\";N;s:12:\"nid_img_back\";N;s:10:\"created_at\";s:19:\"2014-11-14 09:35:07\";s:10:\"last_login\";s:19:\"2014-11-14 12:12:12\";s:8:\"verified\";s:2:\"si\";s:15:\"loggedin_public\";b:1;s:8:\"new_user\";b:0;s:14:\"priority_email\";s:30:\"mariavaleria.jimenez@gmail.com\";}'),('ae0902c42e41d58ebc90aa0939eaa325','179.53.206.63','Mozilla/4.0 (compatible; MSIE 8.0; Windows NT 6.1; Trident/4.0; BTRS122833; SLCC2; .NET CLR 2.0.50727; .NET CLR 3.5.3072',1415996351,'a:6:{s:9:\"user_data\";s:0:\"\";s:3:\"nid\";s:11:\"00109155473\";s:5:\"email\";s:24:\"eduardofd_87@hotmail.com\";s:15:\"loggedin_public\";b:1;s:8:\"new_user\";b:1;s:14:\"priority_email\";s:24:\"eduardofd_87@hotmail.com\";}'),('8a5ec44abc93c6f21d99bb5c24c607a0','181.178.53.189','Mozilla/5.0 (Linux; Android 4.2.2; LG-D805 Build/JDQ39B) AppleWebKit/537.36 (KHTML, like Gecko) Chrome/28.0.1500.94 Mobi',1415982907,'a:11:{s:9:\"user_data\";s:0:\"\";s:3:\"nid\";s:7:\"8798722\";s:5:\"email\";s:30:\"mariavaleria.jimenez@gmail.com\";s:15:\"loggedin_public\";b:1;s:8:\"new_user\";b:0;s:14:\"priority_email\";s:30:\"mariavaleria.jimenez@gmail.com\";s:4:\"name\";s:13:\"maria valeria\";s:8:\"lastname\";s:7:\"jimenez\";s:9:\"cellphone\";s:8:\"69485435\";s:10:\"last_login\";s:18:\"2014-11-14 9:09:35\";s:2:\"id\";i:118;}'),('b54fbd4b0c9ea74443e6a10891535e88','136.166.251.100','Mozilla/5.0 (Windows NT 6.1; WOW64) AppleWebKit/537.36 (KHTML, like Gecko) Chrome/38.0.2125.111 Safari/537.36',1415983175,'a:4:{s:9:\"user_data\";s:0:\"\";s:7:\"user_id\";s:1:\"1\";s:8:\"username\";s:2:\"LG\";s:9:\"logged_in\";b:1;}'),('d16bfc98756611d78767b9857a9f5ce1','179.53.206.63','Mozilla/4.0 (compatible; MSIE 8.0; Windows NT 6.1; Trident/4.0; BTRS122833; SLCC2; .NET CLR 2.0.50727; .NET CLR 3.5.3072',1415996360,''),('af24091fcdaa2050ad72b259ba81e680','179.53.206.63','Mozilla/5.0 (Windows NT 6.1; rv:33.0) Gecko/20100101 Firefox/33.0',1415996640,'a:6:{s:9:\"user_data\";s:0:\"\";s:3:\"nid\";s:11:\"00109155473\";s:5:\"email\";s:24:\"eduardofd_87@hotmail.com\";s:15:\"loggedin_public\";b:1;s:8:\"new_user\";b:1;s:14:\"priority_email\";s:24:\"eduardofd_87@hotmail.com\";}'),('3425edbed715e9835b67454961fdc5d9','186.6.90.116','Mozilla/5.0 (Windows NT 6.1; rv:33.0) Gecko/20100101 Firefox/33.0',1416234337,'a:6:{s:9:\"user_data\";s:0:\"\";s:3:\"nid\";s:11:\"00109155473\";s:5:\"email\";s:24:\"eduardofd_87@hotmail.com\";s:15:\"loggedin_public\";b:1;s:8:\"new_user\";b:1;s:14:\"priority_email\";s:24:\"eduardofd_87@hotmail.com\";}'),('6e444c2a01343c1f137b10df21f2caac','186.6.90.116','Mozilla/5.0 (Windows NT 6.1; rv:33.0) Gecko/20100101 Firefox/33.0',1416234503,'a:6:{s:9:\"user_data\";s:0:\"\";s:3:\"nid\";s:11:\"00109155473\";s:5:\"email\";s:24:\"eduardofd_87@hotmail.com\";s:15:\"loggedin_public\";b:1;s:8:\"new_user\";b:1;s:14:\"priority_email\";s:24:\"eduardofd_87@hotmail.com\";}'),('8ebe71cef475a286f9ba7c31bfba109c','186.6.73.12','Mozilla/5.0 (Windows NT 6.1; WOW64; Trident/7.0; rv:11.0) like Gecko',1416239588,'a:6:{s:9:\"user_data\";s:0:\"\";s:3:\"nid\";s:11:\"00112676234\";s:5:\"email\";s:26:\"quinonescarlos@hotmail.com\";s:15:\"loggedin_public\";b:1;s:8:\"new_user\";b:1;s:14:\"priority_email\";s:26:\"quinonescarlos@hotmail.com\";}'),('55a1011474ef6bbb4377ff30e2820b11','186.6.73.12','Mozilla/5.0 (Windows NT 6.1; Win64; x64; Trident/7.0; rv:11.0) like Gecko',1416239589,''),('698182571cde12b37b13f8f1f5db8704','186.6.73.12','Mozilla/5.0 (X11; Ubuntu; Linux i686; rv:33.0) Gecko/20100101 Firefox/33.0',1416241253,'a:6:{s:9:\"user_data\";s:0:\"\";s:3:\"nid\";s:11:\"00102208220\";s:5:\"email\";s:25:\"mduarte101074@hotmail.com\";s:15:\"loggedin_public\";b:1;s:8:\"new_user\";b:1;s:14:\"priority_email\";s:25:\"mduarte101074@hotmail.com\";}'),('c840392499d6e5d3970ced4c258e5557','186.6.73.12','Mozilla/5.0 (X11; Ubuntu; Linux i686; rv:33.0) Gecko/20100101 Firefox/33.0',1416242067,'a:6:{s:9:\"user_data\";s:0:\"\";s:3:\"nid\";s:11:\"05000269762\";s:5:\"email\";s:21:\"josejanil12@gmail.com\";s:15:\"loggedin_public\";b:1;s:8:\"new_user\";b:1;s:14:\"priority_email\";s:21:\"josejanil12@gmail.com\";}'),('2613303fb0d8bfd6d4240dcbdebdc9b4','186.6.112.38','Mozilla/5.0 (Windows NT 6.1) AppleWebKit/537.36 (KHTML, like Gecko) Chrome/38.0.2125.111 Safari/537.36',1416246741,'a:6:{s:9:\"user_data\";s:0:\"\";s:3:\"nid\";s:11:\"00201679065\";s:5:\"email\";s:26:\"adalgisadenzel@hotmail.com\";s:15:\"loggedin_public\";b:1;s:8:\"new_user\";b:1;s:14:\"priority_email\";s:26:\"adalgisadenzel@hotmail.com\";}'),('b548932e118d2dc744b807177331eff1','127.0.0.1','Mozilla/5.0 (Windows NT 6.1; WOW64; rv:32.0) Gecko/20100101 Firefox/32.0',1416325076,'a:6:{s:9:\"user_data\";s:0:\"\";s:3:\"nid\";s:10:\"1018422095\";s:5:\"email\";s:18:\"apexmd21@gmail.com\";s:15:\"loggedin_public\";b:1;s:8:\"new_user\";b:1;s:14:\"priority_email\";s:18:\"apexmd21@gmail.com\";}'),('d583886e80c3458d38701a5c5b958497','201.131.150.28','Mozilla/5.0 (iPhone; CPU iPhone OS 8_1 like Mac OS X) AppleWebKit/600.1.4 (KHTML, like Gecko) Version/8.0 Mobile/12B411 ',1416400942,'a:6:{s:9:\"user_data\";s:0:\"\";s:3:\"nid\";s:8:\"88291808\";s:5:\"email\";s:19:\"arcia_j@hotmail.com\";s:15:\"loggedin_public\";b:1;s:8:\"new_user\";b:1;s:14:\"priority_email\";s:19:\"arcia_j@hotmail.com\";}'),('83cd6f1ec609b679fe09c1a5d81836d6','127.0.0.1','Mozilla/5.0 (Windows NT 6.1; WOW64) AppleWebKit/537.36 (KHTML, like Gecko) Chrome/38.0.2125.111 Safari/537.36',1416328335,'a:4:{s:9:\"user_data\";s:0:\"\";s:7:\"user_id\";s:1:\"1\";s:8:\"username\";s:2:\"LG\";s:9:\"logged_in\";b:1;}'),('2acb3c7397827150886d3e0e7bc87e84','127.0.0.1','Mozilla/5.0 (Windows NT 6.1; WOW64) AppleWebKit/537.36 (KHTML, like Gecko) Chrome/38.0.2125.111 Safari/537.36',1416326855,'a:11:{s:9:\"user_data\";s:0:\"\";s:3:\"nid\";s:10:\"1018422095\";s:5:\"email\";s:21:\"alexpereap@icloud.com\";s:15:\"loggedin_public\";b:1;s:8:\"new_user\";b:0;s:14:\"priority_email\";s:21:\"alexpereap@icloud.com\";s:4:\"name\";s:4:\"Alex\";s:8:\"lastname\";s:5:\"Perea\";s:9:\"cellphone\";s:10:\"3003583092\";s:10:\"last_login\";s:18:\"2014-11-18 5:05:09\";s:2:\"id\";i:119;}'),('39ef9bd5546a22413f8db82a9561773c','127.0.0.1','Mozilla/5.0 (compatible; MSIE 10.0; Windows NT 6.1; WOW64; Trident/6.0)',1416325256,'a:6:{s:9:\"user_data\";s:0:\"\";s:3:\"nid\";s:10:\"1018422095\";s:5:\"email\";s:18:\"apexmd21@gmail.com\";s:15:\"loggedin_public\";b:1;s:8:\"new_user\";b:1;s:14:\"priority_email\";s:18:\"apexmd21@gmail.com\";}'),('d3df1876c69ceb9817396041158c1e02','201.234.247.226','Mozilla/5.0 (Windows NT 6.1; WOW64) AppleWebKit/537.36 (KHTML, like Gecko) Chrome/38.0.2125.111 Safari/537.36',1416340122,'a:4:{s:9:\"user_data\";s:0:\"\";s:7:\"user_id\";s:1:\"1\";s:8:\"username\";s:2:\"LG\";s:9:\"logged_in\";b:1;}'),('57ccf6d9bf33b0319ca97a1c25088c83','186.73.214.26','Mozilla/5.0 (iPad;U;CPU OS 5_1_1 like Mac OS X; zh-cn)AppleWebKit/534.46.0(KHTML, like Gecko)CriOS/19.0.1084.60 Mobile/9',1416357369,'a:6:{s:9:\"user_data\";s:0:\"\";s:3:\"nid\";s:8:\"88491246\";s:5:\"email\";s:23:\"rolymaymiguel@gmail.com\";s:15:\"loggedin_public\";b:1;s:8:\"new_user\";b:1;s:14:\"priority_email\";s:23:\"rolymaymiguel@gmail.com\";}'),('309daca2cde8c7ccf357b25f9a03ed53','127.0.0.1','Mozilla/5.0 (Windows NT 6.1; WOW64) AppleWebKit/537.36 (KHTML, like Gecko) Chrome/38.0.2125.111 Safari/537.36',1416339377,'a:11:{s:9:\"user_data\";s:0:\"\";s:3:\"nid\";s:10:\"1018422095\";s:5:\"email\";s:21:\"alexpereap@icloud.com\";s:15:\"loggedin_public\";b:1;s:8:\"new_user\";b:0;s:14:\"priority_email\";s:21:\"alexpereap@icloud.com\";s:4:\"name\";s:4:\"Alex\";s:8:\"lastname\";s:5:\"Perea\";s:9:\"cellphone\";s:10:\"3003583092\";s:10:\"last_login\";s:18:\"2014-11-18 8:08:38\";s:2:\"id\";i:121;}'),('b58d340be260b958828e5eed00652323','201.221.255.196','Mozilla/5.0 (Macintosh; Intel Mac OS X 10_10) AppleWebKit/600.1.25 (KHTML, like Gecko) Version/8.0 Safari/600.1.25',1416342707,''),('d9cf071b4c44800dd896ebf1c5ea9be3','1.215.202.155','Mozilla/5.0 (Windows NT 6.1; WOW64) AppleWebKit/537.36 (KHTML, like Gecko) Chrome/38.0.2125.111 Safari/537.36',1416373153,'a:6:{s:9:\"user_data\";s:0:\"\";s:3:\"nid\";s:0:\"\";s:5:\"email\";s:0:\"\";s:15:\"loggedin_public\";b:1;s:8:\"new_user\";b:1;s:14:\"priority_email\";s:0:\"\";}'),('0b44aa157cf8cc7f57f5bc2b058bddc9','201.218.120.25','Mozilla/5.0 (iPhone; CPU iPhone OS 8_1 like Mac OS X) AppleWebKit/600.1.4 (KHTML, like Gecko) Version/8.0 Mobile/12B411 ',1416415589,'a:6:{s:9:\"user_data\";s:0:\"\";s:3:\"nid\";s:8:\"88291808\";s:5:\"email\";s:19:\"arcia_j@hotmail.com\";s:15:\"loggedin_public\";b:1;s:8:\"new_user\";b:1;s:14:\"priority_email\";s:19:\"arcia_j@hotmail.com\";}'),('b7c41f5e4b1037a3df58917ed3606c67','66.249.88.178','Mozilla/5.0 (Linux; Android 4.4.2; SM-G900H Build/KOT49H) AppleWebKit/537.36 (KHTML, like Gecko) Chrome/39.0.2171.59 Mob',1416451210,'a:6:{s:9:\"user_data\";s:0:\"\";s:3:\"nid\";s:7:\"8780491\";s:5:\"email\";s:26:\"joselgalarza19@hotmail.com\";s:15:\"loggedin_public\";b:1;s:8:\"new_user\";b:1;s:14:\"priority_email\";s:26:\"joselgalarza19@hotmail.com\";}'),('6bd04712ab6583c90723df99d6a1963f','201.234.247.226','Mozilla/5.0 (Windows NT 6.1; WOW64) AppleWebKit/537.36 (KHTML, like Gecko) Chrome/39.0.2171.65 Safari/537.36',1416493518,'a:4:{s:9:\"user_data\";s:0:\"\";s:7:\"user_id\";s:1:\"1\";s:8:\"username\";s:2:\"LG\";s:9:\"logged_in\";b:1;}');
/*!40000 ALTER TABLE `ci_sessions` ENABLE KEYS */;
UNLOCK TABLES;

--
-- Table structure for table `tbl_city`
--

DROP TABLE IF EXISTS `tbl_city`;
/*!40101 SET @saved_cs_client     = @@character_set_client */;
/*!40101 SET character_set_client = utf8 */;
CREATE TABLE `tbl_city` (
  `id` int(11) NOT NULL AUTO_INCREMENT,
  `name` varchar(80) NOT NULL,
  PRIMARY KEY (`id`)
) ENGINE=InnoDB AUTO_INCREMENT=208 DEFAULT CHARSET=utf8;
/*!40101 SET character_set_client = @saved_cs_client */;

--
-- Dumping data for table `tbl_city`
--

LOCK TABLES `tbl_city` WRITE;
/*!40000 ALTER TABLE `tbl_city` DISABLE KEYS */;
INSERT INTO `tbl_city` VALUES (205,'Online'),(206,'Panamá'),(207,'República Dominicana');
/*!40000 ALTER TABLE `tbl_city` ENABLE KEYS */;
UNLOCK TABLES;

--
-- Table structure for table `tbl_cms_user`
--

DROP TABLE IF EXISTS `tbl_cms_user`;
/*!40101 SET @saved_cs_client     = @@character_set_client */;
/*!40101 SET character_set_client = utf8 */;
CREATE TABLE `tbl_cms_user` (
  `id` int(11) NOT NULL AUTO_INCREMENT,
  `username` varchar(255) NOT NULL,
  `password` varchar(255) NOT NULL,
  `created_at` timestamp NOT NULL DEFAULT CURRENT_TIMESTAMP,
  PRIMARY KEY (`id`)
) ENGINE=InnoDB AUTO_INCREMENT=3 DEFAULT CHARSET=utf8;
/*!40101 SET character_set_client = @saved_cs_client */;

--
-- Dumping data for table `tbl_cms_user`
--

LOCK TABLES `tbl_cms_user` WRITE;
/*!40000 ALTER TABLE `tbl_cms_user` DISABLE KEYS */;
INSERT INTO `tbl_cms_user` VALUES (1,'LG','uOJBRWsGXhOFvpht1eqvF9LqQa6FvkTjwho34rKvAKg52c1vqZJtALaNyVExDU4jmC5YyJy2Gj5RXr+OFQRPGw==','2014-08-27 15:28:03');
/*!40000 ALTER TABLE `tbl_cms_user` ENABLE KEYS */;
UNLOCK TABLES;

--
-- Table structure for table `tbl_codes`
--

DROP TABLE IF EXISTS `tbl_codes`;
/*!40101 SET @saved_cs_client     = @@character_set_client */;
/*!40101 SET character_set_client = utf8 */;
CREATE TABLE `tbl_codes` (
  `id` int(11) NOT NULL AUTO_INCREMENT,
  `value` varchar(255) NOT NULL,
  `available` enum('si','no') NOT NULL DEFAULT 'si',
  PRIMARY KEY (`id`)
) ENGINE=InnoDB DEFAULT CHARSET=utf8;
/*!40101 SET character_set_client = @saved_cs_client */;

--
-- Dumping data for table `tbl_codes`
--

LOCK TABLES `tbl_codes` WRITE;
/*!40000 ALTER TABLE `tbl_codes` DISABLE KEYS */;
/*!40000 ALTER TABLE `tbl_codes` ENABLE KEYS */;
UNLOCK TABLES;

--
-- Table structure for table `tbl_denial_options`
--

DROP TABLE IF EXISTS `tbl_denial_options`;
/*!40101 SET @saved_cs_client     = @@character_set_client */;
/*!40101 SET character_set_client = utf8 */;
CREATE TABLE `tbl_denial_options` (
  `id` int(11) NOT NULL AUTO_INCREMENT,
  `value` varchar(255) NOT NULL,
  PRIMARY KEY (`id`)
) ENGINE=InnoDB AUTO_INCREMENT=7 DEFAULT CHARSET=utf8;
/*!40101 SET character_set_client = @saved_cs_client */;

--
-- Dumping data for table `tbl_denial_options`
--

LOCK TABLES `tbl_denial_options` WRITE;
/*!40000 ALTER TABLE `tbl_denial_options` DISABLE KEYS */;
INSERT INTO `tbl_denial_options` VALUES (1,'Selecciona una opción'),(2,'Tus datos personales no coinciden con tu cédula'),(3,'Los datos de tu factura no corresponden con los datos de compra'),(4,'Las imágenes adjuntas no son legibles'),(5,'La referencia de tu TV no tiene ninguna promoción activa'),(6,'El serial de tu TV ya está registrado');
/*!40000 ALTER TABLE `tbl_denial_options` ENABLE KEYS */;
UNLOCK TABLES;

--
-- Table structure for table `tbl_mod_email`
--

DROP TABLE IF EXISTS `tbl_mod_email`;
/*!40101 SET @saved_cs_client     = @@character_set_client */;
/*!40101 SET character_set_client = utf8 */;
CREATE TABLE `tbl_mod_email` (
  `id` int(11) NOT NULL AUTO_INCREMENT,
  `value` varchar(255) NOT NULL,
  PRIMARY KEY (`id`)
) ENGINE=InnoDB AUTO_INCREMENT=2 DEFAULT CHARSET=utf8;
/*!40101 SET character_set_client = @saved_cs_client */;

--
-- Dumping data for table `tbl_mod_email`
--

LOCK TABLES `tbl_mod_email` WRITE;
/*!40000 ALTER TABLE `tbl_mod_email` DISABLE KEYS */;
INSERT INTO `tbl_mod_email` VALUES (1,'lgepanama.electronics@gmail.com');
/*!40000 ALTER TABLE `tbl_mod_email` ENABLE KEYS */;
UNLOCK TABLES;

--
-- Table structure for table `tbl_prize`
--

DROP TABLE IF EXISTS `tbl_prize`;
/*!40101 SET @saved_cs_client     = @@character_set_client */;
/*!40101 SET character_set_client = utf8 */;
CREATE TABLE `tbl_prize` (
  `id` int(11) NOT NULL AUTO_INCREMENT,
  `fk_tv_id` int(11) NOT NULL,
  `title` varchar(255) NOT NULL,
  `image` text NOT NULL,
  `description` text NOT NULL,
  `created_at` timestamp NOT NULL DEFAULT CURRENT_TIMESTAMP,
  `quanty` int(10) unsigned NOT NULL DEFAULT '0',
  `terms` longtext NOT NULL,
  `has_promo_code` enum('yes','no') NOT NULL DEFAULT 'no',
  PRIMARY KEY (`id`),
  KEY `fk_tbl_prizes_tbl_tvs_idx` (`fk_tv_id`),
  CONSTRAINT `fk_tbl_prizes_tbl_tvs` FOREIGN KEY (`fk_tv_id`) REFERENCES `tbl_tv` (`id`) ON DELETE CASCADE ON UPDATE CASCADE
) ENGINE=InnoDB AUTO_INCREMENT=87 DEFAULT CHARSET=utf8;
/*!40101 SET character_set_client = @saved_cs_client */;

--
-- Dumping data for table `tbl_prize`
--

LOCK TABLES `tbl_prize` WRITE;
/*!40000 ALTER TABLE `tbl_prize` DISABLE KEYS */;
INSERT INTO `tbl_prize` VALUES (50,1,'LG Ultra HD - NETFLIX','Image_856x500_V2.jpg','<p>Tu LG Ultra HD TV viene con una suscripción de 6 meses de NETFLIX. Registra tu factura de compra y recibe un código para activar tu premio</p>','2014-11-10 14:58:38',1,'','no'),(51,2,'LG Ultra HD - NETFLIX','Image_856x500_V2.jpg','<p>Tu LG Ultra HD TV viene con una suscripción de 6 meses de NETFLIX. Registra tu factura de compra y recibe un código para activar tu premio</p>','2014-11-10 14:59:26',1,'','no'),(52,3,'LG Ultra HD - NETFLIX','Image_856x500_V2.jpg','<p>Tu LG Ultra HD TV viene con una suscripción de 6 meses de NETFLIX. Registra tu factura de compra y recibe un código para activar tu premio</p>','2014-11-10 14:59:52',1,'','no'),(53,4,'LG Ultra HD - NETFLIX','Image_856x500_V2.jpg','<p>Tu LG Ultra HD TV viene con una suscripción de 6 meses de NETFLIX. Registra tu factura de compra y recibe un código para activar tu premio</p>','2014-11-10 15:00:16',1,'','no'),(54,5,'LG Ultra HD - NETFLIX','Image_856x500_V2.jpg','<p>Tu LG Ultra HD TV viene con una suscripción de 6 meses de NETFLIX. Registra tu factura de compra y recibe un código para activar tu premio</p>','2014-11-10 15:01:43',1,'','no'),(55,6,'LG Ultra HD - NETFLIX','Image_856x500_V2.jpg','<p>Tu LG Ultra HD TV viene con una suscripción de 6 meses de NETFLIX. Registra tu factura de compra y recibe un código para activar tu premio</p>','2014-11-10 15:02:04',1,'','no'),(56,7,'LG Ultra HD - NETFLIX','Image_856x500_V2.jpg','<p>Tu LG Ultra HD TV viene con una suscripción de 6 meses de NETFLIX. Registra tu factura de compra y recibe un código para activar tu premio</p>','2014-11-10 15:02:37',1,'','no'),(57,8,'LG Ultra HD - NETFLIX','Image_856x500_V2.jpg','<p>Tu LG Ultra HD TV viene con una suscripción de 6 meses de NETFLIX. Registra tu factura de compra y recibe un código para activar tu premio</p>','2014-11-10 15:03:00',1,'','no'),(58,9,'LG Ultra HD - NETFLIX','Image_856x500_V2.jpg','<p>Tu LG Ultra HD TV viene con una suscripción de 6 meses de NETFLIX. Registra tu factura de compra y recibe un código para activar tu premio</p>','2014-11-10 15:03:39',1,'','no'),(59,10,'LG Ultra HD - NETFLIX','Image_856x500_V2.jpg','<p>Tu LG Ultra HD TV viene con una suscripción de 6 meses de NETFLIX. Registra tu factura de compra y recibe un código para activar tu premio</p>','2014-11-10 15:04:10',1,'','no'),(60,11,'LG Ultra HD - NETFLIX','Image_856x500_V2.jpg','<p>Tu LG Ultra HD TV viene con una suscripción de 6 meses de NETFLIX. Registra tu factura de compra y recibe un código para activar tu premio</p>','2014-11-10 15:04:54',1,'','no'),(61,12,'LG Ultra HD - NETFLIX','Image_856x500_V2.jpg','<p>Tu LG Ultra HD TV viene con una suscripción de 6 meses de NETFLIX. Registra tu factura de compra y recibe un código para activar tu premio</p>','2014-11-10 15:05:26',1,'','no'),(62,13,'LG Ultra HD - NETFLIX','Image_856x500_V2.jpg','<p>Tu LG Ultra HD TV viene con una suscripción de 6 meses de NETFLIX. Registra tu factura de compra y recibe un código para activar tu premio</p>','2014-11-10 15:05:54',1,'','no'),(63,14,'LG Ultra HD - NETFLIX','Image_856x500_V2.jpg','<p>Tu LG Ultra HD TV viene con una suscripción de 6 meses de NETFLIX. Registra tu factura de compra y recibe un código para activar tu premio</p>','2014-11-10 15:06:21',1,'','no'),(64,15,'LG Ultra HD - NETFLIX','Image_856x500_V2.jpg','<p>Tu LG Ultra HD TV viene con una suscripción de 6 meses de NETFLIX. Registra tu factura de compra y recibe un código para activar tu premio</p>','2014-11-10 15:07:16',1,'','no'),(65,16,'LG Ultra HD - NETFLIX','Image_856x500_V2.jpg','<p>Tu LG Ultra HD TV viene con una suscripción de 6 meses de NETFLIX. Registra tu factura de compra y recibe un código para activar tu premio</p>','2014-11-10 15:07:45',1,'','no'),(66,17,'LG Ultra HD - NETFLIX','Image_856x500_V2.jpg','<p>Tu LG Ultra HD TV viene con una suscripción de 6 meses de NETFLIX. Registra tu factura de compra y recibe un código para activar tu premio</p>','2014-11-10 16:37:35',1,'','no'),(67,18,'LG Ultra HD - NETFLIX','Image_856x500_V2.jpg','<p>Tu LG Ultra HD TV viene con una suscripción de 6 meses de NETFLIX. Registra tu factura de compra y recibe un código para activar tu premio</p>','2014-11-10 16:38:10',1,'','no'),(68,19,'LG Ultra HD - NETFLIX','Image_856x500_V2.jpg','<p>Tu LG Ultra HD TV viene con una suscripción de 6 meses de NETFLIX. Registra tu factura de compra y recibe un código para activar tu premio</p>','2014-11-10 16:38:33',1,'','no'),(69,20,'LG Ultra HD - NETFLIX','Image_856x500_V2.jpg','<p>Tu LG Ultra HD TV viene con una suscripción de 6 meses de NETFLIX. Registra tu factura de compra y recibe un código para activar tu premio</p>','2014-11-10 16:42:49',1,'','no'),(70,21,'LG Ultra HD - NETFLIX','Image_856x500_V2.jpg','<p>Tu LG Ultra HD TV viene con una suscripción de 6 meses de NETFLIX. Registra tu factura de compra y recibe un código para activar tu premio</p>','2014-11-10 16:43:38',1,'','no'),(71,22,'LG Ultra HD - NETFLIX','Image_856x500_V2.jpg','<p>Tu LG Ultra HD TV viene con una suscripción de 6 meses de NETFLIX. Registra tu factura de compra y recibe un código para activar tu premio</p>','2014-11-10 16:46:01',1,'','no'),(72,23,'LG Ultra HD - NETFLIX','Image_856x500_V2.jpg','<p>Tu LG Ultra HD TV viene con una suscripción de 6 meses de NETFLIX. Registra tu factura de compra y recibe un código para activar tu premio</p>','2014-11-10 16:46:35',1,'','no'),(73,24,'LG Ultra HD - NETFLIX','Image_856x500_V2.jpg','<p>Tu LG Ultra HD TV viene con una suscripción de 6 meses de NETFLIX. Registra tu factura de compra y recibe un código para activar tu premio</p>','2014-11-10 16:47:10',1,'','no'),(74,25,'LG Ultra HD - NETFLIX','Image_856x500_V2.jpg','<p>Tu LG Ultra HD TV viene con una suscripción de 6 meses de NETFLIX. Registra tu factura de compra y recibe un código para activar tu premio</p>','2014-11-10 16:47:46',1,'','no'),(75,26,'LG Ultra HD - NETFLIX','Image_856x500_V2.jpg','<p>Tu LG Ultra HD TV viene con una suscripción de 6 meses de NETFLIX. Registra tu factura de compra y recibe un código para activar tu premio</p>','2014-11-10 16:48:43',1,'','no'),(76,27,'LG Ultra HD - NETFLIX','Image_856x500_V2.jpg','<p>Tu LG Ultra HD TV viene con una suscripción de 6 meses de NETFLIX. Registra tu factura de compra y recibe un código para activar tu premio</p>','2014-11-10 16:50:21',1,'','no'),(77,28,'LG Ultra HD - NETFLIX','Image_856x500_V2.jpg','<p>Tu LG Ultra HD TV viene con una suscripción de 6 meses de NETFLIX. Registra tu factura de compra y recibe un código para activar tu premio</p>','2014-11-10 16:51:56',1,'','no'),(78,29,'LG Ultra HD - NETFLIX','Image_856x500_V2.jpg','<p>Tu LG Ultra HD TV viene con una suscripción de 6 meses de NETFLIX. Registra tu factura de compra y recibe un código para activar tu premio</p>','2014-11-10 16:52:35',1,'','no'),(79,30,'LG Ultra HD - NETFLIX','Image_856x500_V2.jpg','<p>Tu LG Ultra HD TV viene con una suscripción de 6 meses de NETFLIX. Registra tu factura de compra y recibe un código para activar tu premio</p>','2014-11-10 16:53:11',1,'','no'),(80,31,'LG Ultra HD - NETFLIX','Image_856x500_V2.jpg','<p>Tu LG Ultra HD TV viene con una suscripción de 6 meses de NETFLIX. Registra tu factura de compra y recibe un código para activar tu premio</p>','2014-11-10 16:53:40',1,'','no'),(81,32,'LG Ultra HD - NETFLIX','Image_856x500_V2.jpg','<p>Tu LG Ultra HD TV viene con una suscripción de 6 meses de NETFLIX. Registra tu factura de compra y recibe un código para activar tu premio</p>','2014-11-10 16:53:57',1,'','no'),(82,33,'LG Ultra HD - NETFLIX','Image_856x500_V2.jpg','<p>Tu LG Ultra HD TV viene con una suscripción de 6 meses de NETFLIX. Registra tu factura de compra y recibe un código para activar tu premio</p>','2014-11-10 16:54:16',1,'','no'),(83,34,'LG Ultra HD - NETFLIX','Image_856x500_V2.jpg','<p>Tu LG Ultra HD TV viene con una suscripción de 6 meses de NETFLIX. Registra tu factura de compra y recibe un código para activar tu premio</p>','2014-11-10 16:54:35',1,'','no'),(84,35,'LG Ultra HD - NETFLIX','Image_856x500_V2.jpg','<p>Tu LG Ultra HD TV viene con una suscripción de 6 meses de NETFLIX. Registra tu factura de compra y recibe un código para activar tu premio</p>','2014-11-10 16:54:56',1,'','no'),(85,36,'LG Ultra HD - NETFLIX','Image_856x500_V2.jpg','<p>Tu LG Ultra HD TV viene con una suscripción de 6 meses de NETFLIX. Registra tu factura de compra y recibe un código para activar tu premio</p>','2014-11-10 16:55:47',1,'','no'),(86,37,'LG Ultra HD - NETFLIX','Image_856x500_V2.jpg','<p>Tu LG Ultra HD TV viene con una suscripción de 6 meses de NETFLIX. Registra tu factura de compra y recibe un código para activar tu premio</p>','2014-11-10 16:58:09',1,'','no');
/*!40000 ALTER TABLE `tbl_prize` ENABLE KEYS */;
UNLOCK TABLES;

--
-- Table structure for table `tbl_prize_application`
--

DROP TABLE IF EXISTS `tbl_prize_application`;
/*!40101 SET @saved_cs_client     = @@character_set_client */;
/*!40101 SET character_set_client = utf8 */;
CREATE TABLE `tbl_prize_application` (
  `id` int(11) NOT NULL AUTO_INCREMENT,
  `fk_purchase_data_id` int(11) NOT NULL,
  `created_at` timestamp NOT NULL DEFAULT CURRENT_TIMESTAMP,
  `status` enum('email_confirmacion','en_revision','no_aprobado','aprobado','entregado') NOT NULL DEFAULT 'email_confirmacion',
  PRIMARY KEY (`id`),
  KEY `fk_prize_application_tbl_purchase_data1_idx` (`fk_purchase_data_id`),
  CONSTRAINT `fk_prize_application_tbl_purchase_data1` FOREIGN KEY (`fk_purchase_data_id`) REFERENCES `tbl_purchase_data` (`id`) ON DELETE CASCADE ON UPDATE CASCADE
) ENGINE=InnoDB AUTO_INCREMENT=116 DEFAULT CHARSET=utf8;
/*!40101 SET character_set_client = @saved_cs_client */;

--
-- Dumping data for table `tbl_prize_application`
--

LOCK TABLES `tbl_prize_application` WRITE;
/*!40000 ALTER TABLE `tbl_prize_application` DISABLE KEYS */;
/*!40000 ALTER TABLE `tbl_prize_application` ENABLE KEYS */;
UNLOCK TABLES;

--
-- Table structure for table `tbl_prize_codes`
--

DROP TABLE IF EXISTS `tbl_prize_codes`;
/*!40101 SET @saved_cs_client     = @@character_set_client */;
/*!40101 SET character_set_client = utf8 */;
CREATE TABLE `tbl_prize_codes` (
  `id` int(11) NOT NULL AUTO_INCREMENT,
  `fk_prize_detail_id` int(11) NOT NULL,
  `value` varchar(255) NOT NULL,
  `available` enum('yes','no') NOT NULL DEFAULT 'yes',
  `created_at` timestamp NOT NULL DEFAULT CURRENT_TIMESTAMP,
  PRIMARY KEY (`id`),
  KEY `fk_tbl_prize_codes_tbl_prize_detail1_idx` (`fk_prize_detail_id`),
  CONSTRAINT `fk_tbl_prize_codes_tbl_prize_detail1` FOREIGN KEY (`fk_prize_detail_id`) REFERENCES `tbl_prize_detail` (`id`) ON DELETE CASCADE ON UPDATE CASCADE
) ENGINE=InnoDB AUTO_INCREMENT=2452 DEFAULT CHARSET=utf8;
/*!40101 SET character_set_client = @saved_cs_client */;

--
-- Dumping data for table `tbl_prize_codes`
--

LOCK TABLES `tbl_prize_codes` WRITE;
/*!40000 ALTER TABLE `tbl_prize_codes` DISABLE KEYS */;
/*!40000 ALTER TABLE `tbl_prize_codes` ENABLE KEYS */;
UNLOCK TABLES;

--
-- Table structure for table `tbl_prize_detail`
--

DROP TABLE IF EXISTS `tbl_prize_detail`;
/*!40101 SET @saved_cs_client     = @@character_set_client */;
/*!40101 SET character_set_client = utf8 */;
CREATE TABLE `tbl_prize_detail` (
  `id` int(11) NOT NULL AUTO_INCREMENT,
  `title` varchar(255) NOT NULL,
  `image` text NOT NULL,
  `description` text NOT NULL,
  `has_list_of_codes` enum('yes','no') NOT NULL,
  `reclaim_description` text,
  `created_at` timestamp NOT NULL DEFAULT CURRENT_TIMESTAMP,
  `available_from` date DEFAULT NULL,
  `available_until` date DEFAULT NULL,
  PRIMARY KEY (`id`)
) ENGINE=InnoDB AUTO_INCREMENT=38 DEFAULT CHARSET=utf8;
/*!40101 SET character_set_client = @saved_cs_client */;

--
-- Dumping data for table `tbl_prize_detail`
--

LOCK TABLES `tbl_prize_detail` WRITE;
/*!40000 ALTER TABLE `tbl_prize_detail` DISABLE KEYS */;
INSERT INTO `tbl_prize_detail` VALUES (1,'34LJDWGZ9YQ5','1d703-nexusae0_n.png','netflix','no','<p>Ingresa a <a href=\"http://www.netflix.com/code\" >www.netflix.com/code</a> y utiliza el siguiente c&oacute;digo <strong>34LJDWGZ9YQ5</strong> para que empieces a disfrutar tu suscripci&oacute;n al mejor entretenimiento con <strong>NETFLIX</strong></p>','2014-11-07 07:00:00','2014-11-07','2015-12-31'),(2,'3VEBX9ET32JN','1d703-nexusae0_n.png','netflix','no','<p>Ingresa a <a href=\"http://www.netflix.com/code\" >www.netflix.com/code</a> y utiliza el siguiente c&oacute;digo <strong>3VEBX9ET32JN</strong> para que empieces a disfrutar tu suscripci&oacute;n al mejor entretenimiento con <strong>NETFLIX</strong></p>','2014-11-07 07:00:00','2014-11-07','2015-12-31'),(3,'3FFATXHK7KQV','1d703-nexusae0_n.png','netflix','no','<p>Ingresa a <a href=\"http://www.netflix.com/code\" >www.netflix.com/code</a> y utiliza el siguiente c&oacute;digo <strong>3FFATXHK7KQV</strong> para que empieces a disfrutar tu suscripci&oacute;n al mejor entretenimiento con <strong>NETFLIX</strong></p>','2014-11-07 07:00:00','2014-11-07','2015-12-31'),(4,'35G7ZPWKSNQK','1d703-nexusae0_n.png','netflix','no','<p>Ingresa a <a href=\"http://www.netflix.com/code\" >www.netflix.com/code</a> y utiliza el siguiente c&oacute;digo <strong>35G7ZPWKSNQK</strong> para que empieces a disfrutar tu suscripci&oacute;n al mejor entretenimiento con <strong>NETFLIX</strong></p>','2014-11-07 07:00:00','2014-11-07','2015-12-31'),(5,'3UX7CWVB9D9A','1d703-nexusae0_n.png','netflix','no','<p>Ingresa a <a href=\"http://www.netflix.com/code\" >www.netflix.com/code</a> y utiliza el siguiente c&oacute;digo <strong>3UX7CWVB9D9A</strong> para que empieces a disfrutar tu suscripci&oacute;n al mejor entretenimiento con <strong>NETFLIX</strong></p>','2014-11-07 07:00:00','2014-11-07','2015-12-31'),(6,'39EZSXVL8N3E','1d703-nexusae0_n.png','netflix','no','<p>Ingresa a <a href=\"http://www.netflix.com/code\" >www.netflix.com/code</a> y utiliza el siguiente c&oacute;digo <strong>39EZSXVL8N3E</strong> para que empieces a disfrutar tu suscripci&oacute;n al mejor entretenimiento con <strong>NETFLIX</strong></p>','2014-11-07 07:00:00','2014-11-07','2015-12-31'),(7,'3ZUZ8JACBG25','1d703-nexusae0_n.png','netflix','no','<p>Ingresa a <a href=\"http://www.netflix.com/code\" >www.netflix.com/code</a> y utiliza el siguiente c&oacute;digo <strong>3ZUZ8JACBG25</strong> para que empieces a disfrutar tu suscripci&oacute;n al mejor entretenimiento con <strong>NETFLIX</strong></p>','2014-11-07 07:00:00','2014-11-07','2015-12-31'),(8,'33HR3RK8YF9Z','1d703-nexusae0_n.png','netflix','no','<p>Ingresa a <a href=\"http://www.netflix.com/code\" >www.netflix.com/code</a> y utiliza el siguiente c&oacute;digo <strong>33HR3RK8YF9Z</strong> para que empieces a disfrutar tu suscripci&oacute;n al mejor entretenimiento con <strong>NETFLIX</strong></p>','2014-11-07 07:00:00','2014-11-07','2015-12-31'),(9,'3AJUYVCKXF9H','1d703-nexusae0_n.png','netflix','no','<p>Ingresa a <a href=\"http://www.netflix.com/code\" >www.netflix.com/code</a> y utiliza el siguiente c&oacute;digo <strong>3AJUYVCKXF9H</strong> para que empieces a disfrutar tu suscripci&oacute;n al mejor entretenimiento con <strong>NETFLIX</strong></p>','2014-11-07 07:00:00','2014-11-07','2015-12-31'),(10,'3E3Z6VBSWTMR','1d703-nexusae0_n.png','netflix','no','<p>Ingresa a <a href=\"http://www.netflix.com/code\" >www.netflix.com/code</a> y utiliza el siguiente c&oacute;digo <strong>3E3Z6VBSWTMR</strong> para que empieces a disfrutar tu suscripci&oacute;n al mejor entretenimiento con <strong>NETFLIX</strong></p>','2014-11-07 07:00:00','2014-11-07','2015-12-31'),(11,'3HVB259ETRA9','1d703-nexusae0_n.png','netflix','no','<p>Ingresa a <a href=\"http://www.netflix.com/code\" >www.netflix.com/code</a> y utiliza el siguiente c&oacute;digo <strong>3HVB259ETRA9</strong> para que empieces a disfrutar tu suscripci&oacute;n al mejor entretenimiento con <strong>NETFLIX</strong></p>','2014-11-07 07:00:00','2014-11-07','2015-12-31'),(12,'3U4WAJ7KF9Z4','1d703-nexusae0_n.png','netflix','no','<p>Ingresa a <a href=\"http://www.netflix.com/code\" >www.netflix.com/code</a> y utiliza el siguiente c&oacute;digo <strong>3U4WAJ7KF9Z4</strong> para que empieces a disfrutar tu suscripci&oacute;n al mejor entretenimiento con <strong>NETFLIX</strong></p>','2014-11-07 07:00:00','2014-11-07','2015-12-31'),(13,'3B3UX2SY87BF','1d703-nexusae0_n.png','netflix','no','<p>Ingresa a <a href=\"http://www.netflix.com/code\" >www.netflix.com/code</a> y utiliza el siguiente c&oacute;digo <strong>3B3UX2SY87BF</strong> para que empieces a disfrutar tu suscripci&oacute;n al mejor entretenimiento con <strong>NETFLIX</strong></p>','2014-11-07 07:00:00','2014-11-07','2015-12-31'),(14,'3CAKX7BTVYC5','1d703-nexusae0_n.png','netflix','no','<p>Ingresa a <a href=\"http://www.netflix.com/code\" >www.netflix.com/code</a> y utiliza el siguiente c&oacute;digo <strong>3CAKX7BTVYC5</strong> para que empieces a disfrutar tu suscripci&oacute;n al mejor entretenimiento con <strong>NETFLIX</strong></p>','2014-11-07 07:00:00','2014-11-07','2015-12-31'),(15,'3UFFUR5EZRWE','1d703-nexusae0_n.png','netflix','no','<p>Ingresa a <a href=\"http://www.netflix.com/code\" >www.netflix.com/code</a> y utiliza el siguiente c&oacute;digo <strong>3UFFUR5EZRWE</strong> para que empieces a disfrutar tu suscripci&oacute;n al mejor entretenimiento con <strong>NETFLIX</strong></p>','2014-11-07 07:00:00','2014-11-07','2015-12-31'),(16,'3XGYSMMHDJJM','1d703-nexusae0_n.png','netflix','no','<p>Ingresa a <a href=\"http://www.netflix.com/code\" >www.netflix.com/code</a> y utiliza el siguiente c&oacute;digo <strong>3XGYSMMHDJJM</strong> para que empieces a disfrutar tu suscripci&oacute;n al mejor entretenimiento con <strong>NETFLIX</strong></p>','2014-11-07 07:00:00','2014-11-07','2015-12-31'),(17,'3K8LFCMQCPX6','1d703-nexusae0_n.png','netflix','no','<p>Ingresa a <a href=\"http://www.netflix.com/code\" >www.netflix.com/code</a> y utiliza el siguiente c&oacute;digo <strong>3K8LFCMQCPX6</strong> para que empieces a disfrutar tu suscripci&oacute;n al mejor entretenimiento con <strong>NETFLIX</strong></p>','2014-11-07 07:00:00','2014-11-07','2015-12-31'),(18,'3NXGHJ5ZG6DQ','1d703-nexusae0_n.png','netflix','no','<p>Ingresa a <a href=\"http://www.netflix.com/code\" >www.netflix.com/code</a> y utiliza el siguiente c&oacute;digo <strong>3NXGHJ5ZG6DQ</strong> para que empieces a disfrutar tu suscripci&oacute;n al mejor entretenimiento con <strong>NETFLIX</strong></p>','2014-11-07 07:00:00','2014-11-07','2015-12-31'),(19,'35D6H76YUXY8','1d703-nexusae0_n.png','netflix','no','<p>Ingresa a <a href=\"http://www.netflix.com/code\" >www.netflix.com/code</a> y utiliza el siguiente c&oacute;digo <strong>35D6H76YUXY8</strong> para que empieces a disfrutar tu suscripci&oacute;n al mejor entretenimiento con <strong>NETFLIX</strong></p>','2014-11-07 07:00:00','2014-11-07','2015-12-31'),(20,'39HTYJYDVDR5','1d703-nexusae0_n.png','netflix','no','<p>Ingresa a <a href=\"http://www.netflix.com/code\" >www.netflix.com/code</a> y utiliza el siguiente c&oacute;digo <strong>39HTYJYDVDR5</strong> para que empieces a disfrutar tu suscripci&oacute;n al mejor entretenimiento con <strong>NETFLIX</strong></p>','2014-11-07 07:00:00','2014-11-07','2015-12-31'),(21,'3FGMJKGLPW56','1d703-nexusae0_n.png','netflix','no','<p>Ingresa a <a href=\"http://www.netflix.com/code\" >www.netflix.com/code</a> y utiliza el siguiente c&oacute;digo <strong>3FGMJKGLPW56</strong> para que empieces a disfrutar tu suscripci&oacute;n al mejor entretenimiento con <strong>NETFLIX</strong></p>','2014-11-07 07:00:00','2014-11-07','2015-12-31'),(22,'3VXQK3SUWGY4','1d703-nexusae0_n.png','netflix','no','<p>Ingresa a <a href=\"http://www.netflix.com/code\" >www.netflix.com/code</a> y utiliza el siguiente c&oacute;digo <strong>3VXQK3SUWGY4</strong> para que empieces a disfrutar tu suscripci&oacute;n al mejor entretenimiento con <strong>NETFLIX</strong></p>','2014-11-07 07:00:00','2014-11-07','2015-12-31'),(23,'38TZGYQJN9V6','1d703-nexusae0_n.png','netflix','no','<p>Ingresa a <a href=\"http://www.netflix.com/code\" >www.netflix.com/code</a> y utiliza el siguiente c&oacute;digo <strong>38TZGYQJN9V6</strong> para que empieces a disfrutar tu suscripci&oacute;n al mejor entretenimiento con <strong>NETFLIX</strong></p>','2014-11-07 07:00:00','2014-11-07','2015-12-31'),(24,'3CE3ZCY277AZ','1d703-nexusae0_n.png','netflix','no','<p>Ingresa a <a href=\"http://www.netflix.com/code\" >www.netflix.com/code</a> y utiliza el siguiente c&oacute;digo <strong>3CE3ZCY277AZ</strong> para que empieces a disfrutar tu suscripci&oacute;n al mejor entretenimiento con <strong>NETFLIX</strong></p>','2014-11-07 07:00:00','2014-11-07','2015-12-31'),(25,'3FFKV4BGHEVK','1d703-nexusae0_n.png','netflix','no','<p>Ingresa a <a href=\"http://www.netflix.com/code\" >www.netflix.com/code</a> y utiliza el siguiente c&oacute;digo <strong>3FFKV4BGHEVK</strong> para que empieces a disfrutar tu suscripci&oacute;n al mejor entretenimiento con <strong>NETFLIX</strong></p>','2014-11-07 07:00:00','2014-11-07','2015-12-31'),(26,'3B9PCJB4R57U','1d703-nexusae0_n.png','netflix','no','<p>Ingresa a <a href=\"http://www.netflix.com/code\" >www.netflix.com/code</a> y utiliza el siguiente c&oacute;digo <strong>3B9PCJB4R57U</strong> para que empieces a disfrutar tu suscripci&oacute;n al mejor entretenimiento con <strong>NETFLIX</strong></p>','2014-11-07 07:00:00','2014-11-07','2015-12-31'),(27,'3XNBJ6ZVXBQR','1d703-nexusae0_n.png','netflix','no','<p>Ingresa a <a href=\"http://www.netflix.com/code\" >www.netflix.com/code</a> y utiliza el siguiente c&oacute;digo <strong>3XNBJ6ZVXBQR</strong> para que empieces a disfrutar tu suscripci&oacute;n al mejor entretenimiento con <strong>NETFLIX</strong></p>','2014-11-07 07:00:00','2014-11-07','2015-12-31'),(28,'3XWW679HMBYC','1d703-nexusae0_n.png','netflix','no','<p>Ingresa a <a href=\"http://www.netflix.com/code\" >www.netflix.com/code</a> y utiliza el siguiente c&oacute;digo <strong>3XWW679HMBYC</strong> para que empieces a disfrutar tu suscripci&oacute;n al mejor entretenimiento con <strong>NETFLIX</strong></p>','2014-11-07 07:00:00','2014-11-07','2015-12-31'),(29,'3H2SHMDSG3W6','1d703-nexusae0_n.png','netflix','no','<p>Ingresa a <a href=\"http://www.netflix.com/code\" >www.netflix.com/code</a> y utiliza el siguiente c&oacute;digo <strong>3H2SHMDSG3W6</strong> para que empieces a disfrutar tu suscripci&oacute;n al mejor entretenimiento con <strong>NETFLIX</strong></p>','2014-11-07 07:00:00','2014-11-07','2015-12-31'),(30,'3URF4DC8TWB5','1d703-nexusae0_n.png','netflix','no','<p>Ingresa a <a href=\"http://www.netflix.com/code\" >www.netflix.com/code</a> y utiliza el siguiente c&oacute;digo <strong>3URF4DC8TWB5</strong> para que empieces a disfrutar tu suscripci&oacute;n al mejor entretenimiento con <strong>NETFLIX</strong></p>','2014-11-07 07:00:00','2014-11-07','2015-12-31'),(31,'3G9NL2VFY39C','1d703-nexusae0_n.png','netflix','no','<p>Ingresa a <a href=\"http://www.netflix.com/code\" >www.netflix.com/code</a> y utiliza el siguiente c&oacute;digo <strong>3G9NL2VFY39C</strong> para que empieces a disfrutar tu suscripci&oacute;n al mejor entretenimiento con <strong>NETFLIX</strong></p>','2014-11-07 07:00:00','2014-11-07','2015-12-31'),(32,'3HV3WGG9MREW','1d703-nexusae0_n.png','netflix','no','<p>Ingresa a <a href=\"http://www.netflix.com/code\" >www.netflix.com/code</a> y utiliza el siguiente c&oacute;digo <strong>3HV3WGG9MREW</strong> para que empieces a disfrutar tu suscripci&oacute;n al mejor entretenimiento con <strong>NETFLIX</strong></p>','2014-11-07 07:00:00','2014-11-07','2015-12-31'),(33,'3NDLZMBBXAYM','1d703-nexusae0_n.png','netflix','no','<p>Ingresa a <a href=\"http://www.netflix.com/code\" >www.netflix.com/code</a> y utiliza el siguiente c&oacute;digo <strong>3NDLZMBBXAYM</strong> para que empieces a disfrutar tu suscripci&oacute;n al mejor entretenimiento con <strong>NETFLIX</strong></p>','2014-11-07 07:00:00','2014-11-07','2015-12-31'),(34,'3K3DZW9BF5QW','1d703-nexusae0_n.png','netflix','no','<p>Ingresa a <a href=\"http://www.netflix.com/code\" >www.netflix.com/code</a> y utiliza el siguiente c&oacute;digo <strong>3K3DZW9BF5QW</strong> para que empieces a disfrutar tu suscripci&oacute;n al mejor entretenimiento con <strong>NETFLIX</strong></p>','2014-11-07 07:00:00','2014-11-07','2015-12-31'),(35,'35JAC3AFGFZP','1d703-nexusae0_n.png','netflix','no','<p>Ingresa a <a href=\"http://www.netflix.com/code\" >www.netflix.com/code</a> y utiliza el siguiente c&oacute;digo <strong>35JAC3AFGFZP</strong> para que empieces a disfrutar tu suscripci&oacute;n al mejor entretenimiento con <strong>NETFLIX</strong></p>','2014-11-07 07:00:00','2014-11-07','2015-12-31'),(36,'3LVAKVZV2N8Y','1d703-nexusae0_n.png','netflix','no','<p>Ingresa a <a href=\"http://www.netflix.com/code\" >www.netflix.com/code</a> y utiliza el siguiente c&oacute;digo <strong>3LVAKVZV2N8Y</strong> para que empieces a disfrutar tu suscripci&oacute;n al mejor entretenimiento con <strong>NETFLIX</strong></p>','2014-11-07 07:00:00','2014-11-07','2015-12-31'),(37,'3NYYP437TP26','1d703-nexusae0_n.png','netflix','no','<p>Ingresa a <a href=\"http://www.netflix.com/code\" >www.netflix.com/code</a> y utiliza el siguiente c&oacute;digo <strong>3NYYP437TP26</strong> para que empieces a disfrutar tu suscripci&oacute;n al mejor entretenimiento con <strong>NETFLIX</strong></p>','2014-11-07 07:00:00','2014-11-07','2015-12-31');
/*!40000 ALTER TABLE `tbl_prize_detail` ENABLE KEYS */;
UNLOCK TABLES;

--
-- Table structure for table `tbl_prize_elements`
--

DROP TABLE IF EXISTS `tbl_prize_elements`;
/*!40101 SET @saved_cs_client     = @@character_set_client */;
/*!40101 SET character_set_client = utf8 */;
CREATE TABLE `tbl_prize_elements` (
  `id` int(11) NOT NULL AUTO_INCREMENT,
  `fk_prize_id` int(11) NOT NULL,
  `fk_prize_detail_id` int(11) NOT NULL,
  `created_at` timestamp NOT NULL DEFAULT CURRENT_TIMESTAMP,
  PRIMARY KEY (`id`),
  KEY `fk_tbl_prize_elements_tbl_prize1_idx` (`fk_prize_id`),
  KEY `fk_tbl_prize_elements_tbl_prize_detail1_idx` (`fk_prize_detail_id`),
  CONSTRAINT `fk_tbl_prize_elements_tbl_prize1` FOREIGN KEY (`fk_prize_id`) REFERENCES `tbl_prize` (`id`) ON DELETE CASCADE ON UPDATE CASCADE,
  CONSTRAINT `fk_tbl_prize_elements_tbl_prize_detail1` FOREIGN KEY (`fk_prize_detail_id`) REFERENCES `tbl_prize_detail` (`id`) ON DELETE CASCADE ON UPDATE CASCADE
) ENGINE=InnoDB AUTO_INCREMENT=366 DEFAULT CHARSET=utf8;
/*!40101 SET character_set_client = @saved_cs_client */;

--
-- Dumping data for table `tbl_prize_elements`
--

LOCK TABLES `tbl_prize_elements` WRITE;
/*!40000 ALTER TABLE `tbl_prize_elements` DISABLE KEYS */;
INSERT INTO `tbl_prize_elements` VALUES (329,50,1,'2014-11-10 14:58:38'),(330,51,2,'2014-11-10 14:59:26'),(331,52,3,'2014-11-10 14:59:52'),(332,53,4,'2014-11-10 15:00:16'),(333,54,5,'2014-11-10 15:01:43'),(334,55,6,'2014-11-10 15:02:04'),(335,56,7,'2014-11-10 15:02:37'),(336,57,8,'2014-11-10 15:03:00'),(337,58,9,'2014-11-10 15:03:39'),(338,59,10,'2014-11-10 15:04:10'),(339,60,11,'2014-11-10 15:04:54'),(340,61,12,'2014-11-10 15:05:26'),(341,62,13,'2014-11-10 15:05:54'),(342,63,14,'2014-11-10 15:06:21'),(343,64,15,'2014-11-10 15:07:16'),(344,65,16,'2014-11-10 15:07:45'),(345,66,17,'2014-11-10 16:37:35'),(346,67,18,'2014-11-10 16:38:10'),(347,68,19,'2014-11-10 16:38:33'),(348,69,20,'2014-11-10 16:42:49'),(349,70,21,'2014-11-10 16:43:38'),(350,71,22,'2014-11-10 16:46:01'),(351,72,23,'2014-11-10 16:46:35'),(352,73,24,'2014-11-10 16:47:10'),(353,74,25,'2014-11-10 16:47:46'),(354,75,26,'2014-11-10 16:48:43'),(355,76,27,'2014-11-10 16:50:22'),(356,77,28,'2014-11-10 16:51:56'),(357,78,29,'2014-11-10 16:52:35'),(358,79,30,'2014-11-10 16:53:11'),(359,80,31,'2014-11-10 16:53:40'),(360,81,32,'2014-11-10 16:53:57'),(361,82,33,'2014-11-10 16:54:16'),(362,83,34,'2014-11-10 16:54:35'),(363,84,35,'2014-11-10 16:54:56'),(364,85,36,'2014-11-10 16:55:47'),(365,86,37,'2014-11-10 16:58:09');
/*!40000 ALTER TABLE `tbl_prize_elements` ENABLE KEYS */;
UNLOCK TABLES;

--
-- Table structure for table `tbl_prize_store`
--

DROP TABLE IF EXISTS `tbl_prize_store`;
/*!40101 SET @saved_cs_client     = @@character_set_client */;
/*!40101 SET character_set_client = utf8 */;
CREATE TABLE `tbl_prize_store` (
  `id` int(11) NOT NULL AUTO_INCREMENT,
  `fk_prize_id` int(11) NOT NULL,
  `fk_sells_point_id` int(11) NOT NULL,
  PRIMARY KEY (`id`),
  KEY `fk_tbl_prize_store_tbl_prize1_idx` (`fk_prize_id`),
  KEY `fk_tbl_prize_store_tbl_sells_point1_idx` (`fk_sells_point_id`),
  CONSTRAINT `fk_tbl_prize_store_tbl_sells_point1` FOREIGN KEY (`fk_sells_point_id`) REFERENCES `tbl_sells_point` (`id`) ON DELETE CASCADE ON UPDATE CASCADE,
  CONSTRAINT `fk_tbl_prize_store_tbl_prize1` FOREIGN KEY (`fk_prize_id`) REFERENCES `tbl_prize` (`id`) ON DELETE CASCADE ON UPDATE CASCADE
) ENGINE=InnoDB AUTO_INCREMENT=1157 DEFAULT CHARSET=utf8;
/*!40101 SET character_set_client = @saved_cs_client */;

--
-- Dumping data for table `tbl_prize_store`
--

LOCK TABLES `tbl_prize_store` WRITE;
/*!40000 ALTER TABLE `tbl_prize_store` DISABLE KEYS */;
/*!40000 ALTER TABLE `tbl_prize_store` ENABLE KEYS */;
UNLOCK TABLES;

--
-- Table structure for table `tbl_prize_views`
--

DROP TABLE IF EXISTS `tbl_prize_views`;
/*!40101 SET @saved_cs_client     = @@character_set_client */;
/*!40101 SET character_set_client = utf8 */;
CREATE TABLE `tbl_prize_views` (
  `id` int(11) NOT NULL AUTO_INCREMENT,
  `fk_prize_application_id` int(11) NOT NULL,
  `prize_detail_id` int(11) DEFAULT NULL,
  `tv_id` int(11) DEFAULT NULL,
  `tv_reference` varchar(255) DEFAULT NULL,
  `prize_detail_title` varchar(255) DEFAULT NULL,
  `prize_detail_reclame_description` varchar(255) DEFAULT NULL,
  `prize_detail_image` varchar(255) DEFAULT NULL,
  `prize_detail_has_list_of_codes` enum('yes','no') DEFAULT NULL,
  `prize_available_from` date DEFAULT NULL,
  `prize_available_until` date DEFAULT NULL,
  `prize_date_availability` tinyint(1) DEFAULT NULL,
  `code` varchar(255) DEFAULT NULL,
  PRIMARY KEY (`id`),
  KEY `fk_tbl_prize_views_tbl_prize_application1_idx` (`fk_prize_application_id`),
  CONSTRAINT `fk_tbl_prize_views_tbl_prize_application1` FOREIGN KEY (`fk_prize_application_id`) REFERENCES `tbl_prize_application` (`id`) ON DELETE CASCADE ON UPDATE CASCADE
) ENGINE=InnoDB AUTO_INCREMENT=25 DEFAULT CHARSET=latin1;
/*!40101 SET character_set_client = @saved_cs_client */;

--
-- Dumping data for table `tbl_prize_views`
--

LOCK TABLES `tbl_prize_views` WRITE;
/*!40000 ALTER TABLE `tbl_prize_views` DISABLE KEYS */;
/*!40000 ALTER TABLE `tbl_prize_views` ENABLE KEYS */;
UNLOCK TABLES;

--
-- Table structure for table `tbl_promo`
--

DROP TABLE IF EXISTS `tbl_promo`;
/*!40101 SET @saved_cs_client     = @@character_set_client */;
/*!40101 SET character_set_client = utf8 */;
CREATE TABLE `tbl_promo` (
  `id` int(11) NOT NULL AUTO_INCREMENT,
  `title` varchar(255) NOT NULL,
  `media` text NOT NULL COMMENT 'swf png jpg gif',
  `link` text,
  `available_from` date NOT NULL,
  `available_until` date NOT NULL,
  `created_at` timestamp NOT NULL DEFAULT CURRENT_TIMESTAMP,
  `order` int(11) DEFAULT '0',
  PRIMARY KEY (`id`)
) ENGINE=InnoDB AUTO_INCREMENT=16 DEFAULT CHARSET=utf8;
/*!40101 SET character_set_client = @saved_cs_client */;

--
-- Dumping data for table `tbl_promo`
--

LOCK TABLES `tbl_promo` WRITE;
/*!40000 ALTER TABLE `tbl_promo` DISABLE KEYS */;
INSERT INTO `tbl_promo` VALUES (14,'Img1','6dd0b-image_1140x700_v2.jpg',NULL,'2014-11-01','2015-12-31','2014-11-12 14:27:52',1);
/*!40000 ALTER TABLE `tbl_promo` ENABLE KEYS */;
UNLOCK TABLES;

--
-- Table structure for table `tbl_purchase_data`
--

DROP TABLE IF EXISTS `tbl_purchase_data`;
/*!40101 SET @saved_cs_client     = @@character_set_client */;
/*!40101 SET character_set_client = utf8 */;
CREATE TABLE `tbl_purchase_data` (
  `id` int(11) NOT NULL AUTO_INCREMENT,
  `fk_user_id` int(11) NOT NULL,
  `fk_sells_point_id` int(11) NOT NULL,
  `fk_codes_id` int(11) DEFAULT NULL,
  `purchase_date` date NOT NULL,
  `bill_number` varchar(255) NOT NULL,
  `bill_img` varchar(255) NOT NULL,
  `created_at` timestamp NOT NULL DEFAULT CURRENT_TIMESTAMP,
  `promotional_code_txt` varchar(255) DEFAULT NULL,
  `code_txt` varchar(255) NOT NULL,
  PRIMARY KEY (`id`),
  KEY `fk_purchase_data_tbl_sells_point1_idx` (`fk_sells_point_id`),
  KEY `fk_tbl_purchase_data_tbl_user1_idx` (`fk_user_id`),
  KEY `fk_tbl_purchase_data_tbl_codes1_idx` (`fk_codes_id`),
  CONSTRAINT `fk_tbl_purchase_data_tbl_codes1` FOREIGN KEY (`fk_codes_id`) REFERENCES `tbl_codes` (`id`) ON DELETE CASCADE ON UPDATE CASCADE,
  CONSTRAINT `fk_purchase_data_tbl_sells_point1` FOREIGN KEY (`fk_sells_point_id`) REFERENCES `tbl_sells_point` (`id`) ON DELETE CASCADE ON UPDATE CASCADE,
  CONSTRAINT `fk_tbl_purchase_data_tbl_user1` FOREIGN KEY (`fk_user_id`) REFERENCES `tbl_user` (`id`) ON DELETE CASCADE ON UPDATE CASCADE
) ENGINE=InnoDB AUTO_INCREMENT=158 DEFAULT CHARSET=utf8;
/*!40101 SET character_set_client = @saved_cs_client */;

--
-- Dumping data for table `tbl_purchase_data`
--

LOCK TABLES `tbl_purchase_data` WRITE;
/*!40000 ALTER TABLE `tbl_purchase_data` DISABLE KEYS */;
/*!40000 ALTER TABLE `tbl_purchase_data` ENABLE KEYS */;
UNLOCK TABLES;

--
-- Table structure for table `tbl_purchase_data_tv`
--

DROP TABLE IF EXISTS `tbl_purchase_data_tv`;
/*!40101 SET @saved_cs_client     = @@character_set_client */;
/*!40101 SET character_set_client = utf8 */;
CREATE TABLE `tbl_purchase_data_tv` (
  `id` int(11) NOT NULL AUTO_INCREMENT,
  `fk_purchase_data_id` int(11) NOT NULL,
  `fk_tv_id` int(11) NOT NULL,
  `serial_tv` varchar(255) NOT NULL,
  PRIMARY KEY (`id`),
  KEY `fk_tbl_purchase_data_tv_tbl_purchase_data1_idx` (`fk_purchase_data_id`),
  KEY `fk_tbl_purchase_data_tv_tbl_tv1_idx` (`fk_tv_id`),
  CONSTRAINT `fk_tbl_purchase_data_tv_tbl_purchase_data1` FOREIGN KEY (`fk_purchase_data_id`) REFERENCES `tbl_purchase_data` (`id`) ON DELETE CASCADE ON UPDATE CASCADE,
  CONSTRAINT `fk_tbl_purchase_data_tv_tbl_tv1` FOREIGN KEY (`fk_tv_id`) REFERENCES `tbl_tv` (`id`) ON DELETE CASCADE ON UPDATE CASCADE
) ENGINE=InnoDB AUTO_INCREMENT=250 DEFAULT CHARSET=utf8;
/*!40101 SET character_set_client = @saved_cs_client */;

--
-- Dumping data for table `tbl_purchase_data_tv`
--

LOCK TABLES `tbl_purchase_data_tv` WRITE;
/*!40000 ALTER TABLE `tbl_purchase_data_tv` DISABLE KEYS */;
/*!40000 ALTER TABLE `tbl_purchase_data_tv` ENABLE KEYS */;
UNLOCK TABLES;

--
-- Table structure for table `tbl_sells_point`
--

DROP TABLE IF EXISTS `tbl_sells_point`;
/*!40101 SET @saved_cs_client     = @@character_set_client */;
/*!40101 SET character_set_client = utf8 */;
CREATE TABLE `tbl_sells_point` (
  `id` int(11) NOT NULL AUTO_INCREMENT,
  `name` varchar(255) NOT NULL,
  `fk_store_id` int(11) NOT NULL,
  PRIMARY KEY (`id`),
  KEY `fk_tbl_sells_point_tbl_store1_idx` (`fk_store_id`),
  CONSTRAINT `fk_tbl_sells_point_tbl_store1` FOREIGN KEY (`fk_store_id`) REFERENCES `tbl_store` (`id`) ON DELETE CASCADE ON UPDATE CASCADE
) ENGINE=InnoDB AUTO_INCREMENT=579 DEFAULT CHARSET=utf8;
/*!40101 SET character_set_client = @saved_cs_client */;

--
-- Dumping data for table `tbl_sells_point`
--

LOCK TABLES `tbl_sells_point` WRITE;
/*!40000 ALTER TABLE `tbl_sells_point` DISABLE KEYS */;
INSERT INTO `tbl_sells_point` VALUES (515,'Online',268),(516,'Multiplaza',269),(517,'Albrook I',269),(518,'Terronal',269),(519,'Los Pueblos',269),(520,'Metromall',269),(521,'Multicentro',269),(522,'Paitilla',269),(523,'Vía España',269),(524,'Albrook  Koala',269),(525,'Albrook',270),(526,'Metromall',270),(527,'Paitilla',270),(528,'Hometek Colón',270),(529,'INFOX Tumbamuerto',271),(530,'Mall Jerusalem',272),(531,'City Mall',272),(532,'Belen',272),(533,'Tumba Muerto',273),(534,'Calle 50',273),(535,'Albrook #2 (Pingüino)',273),(536,'Westland Mall',273),(537,'Terronal',273),(538,'Albrook #1 (Cebra)',273),(539,'Metromall (Vía Tocumen)',273),(540,'Albrook #3 (Delfín)',273),(541,'Multiplaza',273),(542,'Albrook',274),(543,'Multiplaza',274),(544,'Calle 50',274),(545,'Centennial',274),(546,'Metromall',274),(547,'Terronal',274),(548,'Colón',274),(549,'Dorado',274),(550,'Los Pueblos',274),(551,'Costa Verde',274),(552,'Albrook',275),(553,'Transistmica',276),(554,'Los Pueblos',276),(555,'Transistmica',277),(556,'Los Pueblos',277),(557,'Plaza Carolina',277),(558,'Via Brasil',278),(559,'Plaza Lama  27 de Febrero',284),(560,'Plaza Lama Maximo Gómez',284),(561,'Electro Lama Calle del Sol ( Santiago)',284),(562,'Plaza Lama Santiago',284),(563,'Plaza Lama Duarte',284),(564,'Plaza Lama Herrera',284),(565,'Plaza Lama Romana',284),(566,'Plaza Lama Oriental',284),(567,'Electro Lama Bavaro',284),(568,'Electro  Lama Higuey',284),(569,'Electro Lama La Vega',284),(570,'Electro  Lama San Francisco',284),(571,'Electro Lama Sambil',284);
/*!40000 ALTER TABLE `tbl_sells_point` ENABLE KEYS */;
UNLOCK TABLES;

--
-- Table structure for table `tbl_store`
--

DROP TABLE IF EXISTS `tbl_store`;
/*!40101 SET @saved_cs_client     = @@character_set_client */;
/*!40101 SET character_set_client = utf8 */;
CREATE TABLE `tbl_store` (
  `id` int(11) NOT NULL AUTO_INCREMENT,
  `name` varchar(255) NOT NULL,
  `fk_city_id` int(11) NOT NULL,
  PRIMARY KEY (`id`),
  KEY `fk_tbl_store_tbl_city1_idx` (`fk_city_id`),
  CONSTRAINT `fk_tbl_store_tbl_city1` FOREIGN KEY (`fk_city_id`) REFERENCES `tbl_city` (`id`) ON DELETE CASCADE ON UPDATE CASCADE
) ENGINE=InnoDB AUTO_INCREMENT=285 DEFAULT CHARSET=utf8;
/*!40101 SET character_set_client = @saved_cs_client */;

--
-- Dumping data for table `tbl_store`
--

LOCK TABLES `tbl_store` WRITE;
/*!40000 ALTER TABLE `tbl_store` DISABLE KEYS */;
INSERT INTO `tbl_store` VALUES (268,'Online',205),(269,'Audiofoto',206),(270,'Hometek',206),(271,'INFOX',206),(272,'Jerusalem',206),(273,'Multimax',206),(274,'Panafoto',206),(275,'Photura',206),(276,'Raenco',206),(277,'Rodelag',206),(278,'Tech & House',206),(284,'Plaza Lama',207);
/*!40000 ALTER TABLE `tbl_store` ENABLE KEYS */;
UNLOCK TABLES;

--
-- Table structure for table `tbl_tv`
--

DROP TABLE IF EXISTS `tbl_tv`;
/*!40101 SET @saved_cs_client     = @@character_set_client */;
/*!40101 SET character_set_client = utf8 */;
CREATE TABLE `tbl_tv` (
  `id` int(11) NOT NULL AUTO_INCREMENT,
  `reference` varchar(200) NOT NULL,
  `description` text,
  `created_at` timestamp NOT NULL DEFAULT CURRENT_TIMESTAMP,
  PRIMARY KEY (`id`)
) ENGINE=InnoDB AUTO_INCREMENT=53 DEFAULT CHARSET=utf8;
/*!40101 SET character_set_client = @saved_cs_client */;

--
-- Dumping data for table `tbl_tv`
--

LOCK TABLES `tbl_tv` WRITE;
/*!40000 ALTER TABLE `tbl_tv` DISABLE KEYS */;
INSERT INTO `tbl_tv` VALUES (1,'406RMTTAR985',NULL,'2014-11-07 17:40:00'),(2,'406RMQKAR980',NULL,'2014-11-07 17:40:01'),(3,'406RMSSAR982',NULL,'2014-11-07 17:40:02'),(4,'406RMZLAR981',NULL,'2014-11-07 17:40:03'),(5,'406RMUYAR990',NULL,'2014-11-07 17:40:04'),(6,'406RMNEAR991',NULL,'2014-11-07 17:40:05'),(7,'406RMAQAR992',NULL,'2014-11-07 17:40:06'),(8,'406RMXXAR994',NULL,'2014-11-07 17:40:07'),(9,'406RMWVAR993',NULL,'2014-11-07 17:40:08'),(10,'406RMWVAR969',NULL,'2014-11-07 17:40:09'),(11,'406RMNEAR967',NULL,'2014-11-07 17:40:10'),(12,'407RMCJQ6723',NULL,'2014-11-07 17:40:11'),(13,'407RMVBQ6719',NULL,'2014-11-07 17:40:12'),(14,'407RMPGQ6720',NULL,'2014-11-07 17:40:13'),(15,'407RMHRQ6721',NULL,'2014-11-07 17:40:14'),(16,'407RMENK6548',NULL,'2014-11-07 17:40:15'),(17,'407RMDZK6546',NULL,'2014-11-07 17:40:16'),(18,'407RMMDK6547',NULL,'2014-11-07 17:40:17'),(19,'407RMCJK6539',NULL,'2014-11-07 17:40:18'),(20,'408RMLMUH048',NULL,'2014-11-07 17:40:19'),(21,'408RMDZUH050',NULL,'2014-11-07 17:40:20'),(22,'406RMVBB7335',NULL,'2014-11-07 17:40:21'),(23,'406RMFPB7331',NULL,'2014-11-07 17:40:22'),(24,'406RMJFB7332',NULL,'2014-11-07 17:40:23'),(25,'406RMBWB7333',NULL,'2014-11-07 17:40:24'),(26,'406RMYAB7362',NULL,'2014-11-07 17:40:25'),(27,'406RMQKB7364',NULL,'2014-11-07 17:40:26'),(28,'406RMZLB7365',NULL,'2014-11-07 17:40:27'),(29,'59476406B7366WSWLJR',NULL,'2014-11-07 17:40:28'),(30,'406RMCJB7363',NULL,'2014-11-07 17:40:29'),(31,'406RMHRB7337',NULL,'2014-11-07 17:40:30'),(32,'408RMMDT2147',NULL,'2014-11-07 17:40:31'),(33,'408RMFPT2155',NULL,'2014-11-07 17:40:32'),(34,'406RMRHB7358',NULL,'2014-11-07 17:40:33'),(35,'406RMBWB7357',NULL,'2014-11-07 17:40:34'),(36,'406RMJFB7356',NULL,'2014-11-07 17:40:35'),(37,'406RMRHB7334',NULL,'2014-11-07 17:40:36');
/*!40000 ALTER TABLE `tbl_tv` ENABLE KEYS */;
UNLOCK TABLES;

--
-- Table structure for table `tbl_txt_promocode`
--

DROP TABLE IF EXISTS `tbl_txt_promocode`;
/*!40101 SET @saved_cs_client     = @@character_set_client */;
/*!40101 SET character_set_client = utf8 */;
CREATE TABLE `tbl_txt_promocode` (
  `id` int(11) NOT NULL AUTO_INCREMENT,
  `value` varchar(255) NOT NULL,
  PRIMARY KEY (`id`)
) ENGINE=InnoDB AUTO_INCREMENT=2 DEFAULT CHARSET=utf8;
/*!40101 SET character_set_client = @saved_cs_client */;

--
-- Dumping data for table `tbl_txt_promocode`
--

LOCK TABLES `tbl_txt_promocode` WRITE;
/*!40000 ALTER TABLE `tbl_txt_promocode` DISABLE KEYS */;
INSERT INTO `tbl_txt_promocode` VALUES (1,'.');
/*!40000 ALTER TABLE `tbl_txt_promocode` ENABLE KEYS */;
UNLOCK TABLES;

--
-- Table structure for table `tbl_user`
--

DROP TABLE IF EXISTS `tbl_user`;
/*!40101 SET @saved_cs_client     = @@character_set_client */;
/*!40101 SET character_set_client = utf8 */;
CREATE TABLE `tbl_user` (
  `id` int(11) NOT NULL AUTO_INCREMENT,
  `email` varchar(255) NOT NULL,
  `nid` varchar(255) NOT NULL,
  `name` varchar(255) DEFAULT NULL,
  `lastname` varchar(255) DEFAULT NULL,
  `cellphone` varchar(255) DEFAULT NULL,
  `nid_img_front` text,
  `nid_img_back` text,
  `created_at` timestamp NOT NULL DEFAULT CURRENT_TIMESTAMP,
  `last_login` datetime NOT NULL,
  `verified` enum('si','no') NOT NULL DEFAULT 'no',
  PRIMARY KEY (`id`),
  UNIQUE KEY `nid_UNIQUE` (`nid`)
) ENGINE=InnoDB AUTO_INCREMENT=122 DEFAULT CHARSET=utf8;
/*!40101 SET character_set_client = @saved_cs_client */;

--
-- Dumping data for table `tbl_user`
--

LOCK TABLES `tbl_user` WRITE;
/*!40000 ALTER TABLE `tbl_user` DISABLE KEYS */;
/*!40000 ALTER TABLE `tbl_user` ENABLE KEYS */;
UNLOCK TABLES;

--
-- Table structure for table `tbl_user_codes`
--

DROP TABLE IF EXISTS `tbl_user_codes`;
/*!40101 SET @saved_cs_client     = @@character_set_client */;
/*!40101 SET character_set_client = utf8 */;
CREATE TABLE `tbl_user_codes` (
  `fk_user_id` int(11) NOT NULL,
  `fk_codes_id` int(11) NOT NULL,
  PRIMARY KEY (`fk_codes_id`,`fk_user_id`),
  KEY `fk_tbl_user_codes_tbl_user1_idx` (`fk_user_id`),
  CONSTRAINT `fk_tbl_user_codes_tbl_user1` FOREIGN KEY (`fk_user_id`) REFERENCES `tbl_user` (`id`) ON DELETE CASCADE ON UPDATE CASCADE,
  CONSTRAINT `fk_tbl_user_codes_tbl_codes1` FOREIGN KEY (`fk_codes_id`) REFERENCES `tbl_codes` (`id`) ON DELETE CASCADE ON UPDATE CASCADE
) ENGINE=InnoDB DEFAULT CHARSET=utf8;
/*!40101 SET character_set_client = @saved_cs_client */;

--
-- Dumping data for table `tbl_user_codes`
--

LOCK TABLES `tbl_user_codes` WRITE;
/*!40000 ALTER TABLE `tbl_user_codes` DISABLE KEYS */;
/*!40000 ALTER TABLE `tbl_user_codes` ENABLE KEYS */;
UNLOCK TABLES;

--
-- Table structure for table `test_stores`
--

DROP TABLE IF EXISTS `test_stores`;
/*!40101 SET @saved_cs_client     = @@character_set_client */;
/*!40101 SET character_set_client = utf8 */;
CREATE TABLE `test_stores` (
  `id` int(3) NOT NULL AUTO_INCREMENT,
  `ciudad` varchar(255) DEFAULT NULL,
  `cadena` varchar(255) DEFAULT NULL,
  `almacen` varchar(255) DEFAULT NULL,
  `ciudad_id` int(11) DEFAULT NULL,
  `cadena_id` int(11) DEFAULT NULL,
  PRIMARY KEY (`id`)
) ENGINE=InnoDB AUTO_INCREMENT=57 DEFAULT CHARSET=utf8;
/*!40101 SET character_set_client = @saved_cs_client */;

--
-- Dumping data for table `test_stores`
--

LOCK TABLES `test_stores` WRITE;
/*!40000 ALTER TABLE `test_stores` DISABLE KEYS */;
INSERT INTO `test_stores` VALUES (1,'Panamá','Audiofoto','Multiplaza',206,269),(2,'Panamá','Audiofoto','Albrook I',206,269),(3,'Panamá','Audiofoto','Terronal',206,269),(4,'Panamá','Audiofoto','Los Pueblos',206,269),(5,'Panamá','Audiofoto','Metromall',206,269),(6,'Panamá','Audiofoto','Multicentro',206,269),(7,'Panamá','Audiofoto','Paitilla',206,269),(8,'Panamá','Audiofoto','Vía España',206,269),(9,'Panamá','Audiofoto','Albrook  Koala',206,269),(10,'Panamá','Hometek','Albrook',206,270),(11,'Panamá','Hometek','Metromall',206,270),(12,'Panamá','Hometek','Paitilla',206,270),(13,'Panamá','Hometek','Hometek Colón',206,270),(14,'Panamá','INFOX','INFOX Tumbamuerto',206,271),(15,'Panamá','Jerusalem','Mall Jerusalem',206,272),(16,'Panamá','Jerusalem','City Mall',206,272),(17,'Panamá','Jerusalem','Belen',206,272),(18,'Panamá','Multimax','Tumba Muerto',206,273),(19,'Panamá','Multimax','Calle 50',206,273),(20,'Panamá','Multimax','Albrook #2 (Pingüino)',206,273),(21,'Panamá','Multimax','Westland Mall',206,273),(22,'Panamá','Multimax','Terronal',206,273),(23,'Panamá','Multimax','Albrook #1 (Cebra)',206,273),(24,'Panamá','Multimax','Metromall (Vía Tocumen)',206,273),(25,'Panamá','Multimax','Albrook #3 (Delfín)',206,273),(26,'Panamá','Multimax','Multiplaza',206,273),(27,'Panamá','Panafoto','Albrook',206,274),(28,'Panamá','Panafoto','Multiplaza',206,274),(29,'Panamá','Panafoto','Calle 50',206,274),(30,'Panamá','Panafoto','Centennial',206,274),(31,'Panamá','Panafoto','Metromall',206,274),(32,'Panamá','Panafoto','Terronal',206,274),(33,'Panamá','Panafoto','Colón',206,274),(34,'Panamá','Panafoto','Dorado',206,274),(35,'Panamá','Panafoto','Los Pueblos',206,274),(36,'Panamá','Panafoto','Costa Verde',206,274),(37,'Panamá','Photura','Albrook',206,275),(38,'Panamá','Raenco','Transistmica',206,276),(39,'Panamá','Raenco','Los Pueblos',206,276),(40,'Panamá','Rodelag','Transistmica',206,277),(41,'Panamá','Rodelag','Los Pueblos',206,277),(42,'Panamá','Rodelag','Plaza Carolina',206,277),(43,'Panamá','Tech & House','Via Brasil',206,278),(44,'República Dominicana','Plaza Lama','Plaza Lama  27 de Febrero',207,284),(45,'República Dominicana','Plaza Lama','Plaza Lama Maximo Gómez',207,284),(46,'República Dominicana','Plaza Lama','Electro Lama Calle del Sol ( Santiago)',207,284),(47,'República Dominicana','Plaza Lama','Plaza Lama Santiago',207,284),(48,'República Dominicana','Plaza Lama','Plaza Lama Duarte',207,284),(49,'República Dominicana','Plaza Lama','Plaza Lama Herrera',207,284),(50,'República Dominicana','Plaza Lama','Plaza Lama Romana',207,284),(51,'República Dominicana','Plaza Lama','Plaza Lama Oriental',207,284),(52,'República Dominicana','Plaza Lama','Electro Lama Bavaro',207,284),(53,'República Dominicana','Plaza Lama','Electro  Lama Higuey',207,284),(54,'República Dominicana','Plaza Lama','Electro Lama La Vega',207,284),(55,'República Dominicana','Plaza Lama','Electro  Lama San Francisco',207,284),(56,'República Dominicana','Plaza Lama','Electro Lama Sambil',207,284);
/*!40000 ALTER TABLE `test_stores` ENABLE KEYS */;
UNLOCK TABLES;

--
-- Temporary table structure for view `vw_available_home_slides`
--

DROP TABLE IF EXISTS `vw_available_home_slides`;
/*!50001 DROP VIEW IF EXISTS `vw_available_home_slides`*/;
SET @saved_cs_client     = @@character_set_client;
SET character_set_client = utf8;
/*!50001 CREATE TABLE `vw_available_home_slides` (
  `id` tinyint NOT NULL,
  `title` tinyint NOT NULL,
  `media` tinyint NOT NULL,
  `link` tinyint NOT NULL,
  `available_from` tinyint NOT NULL,
  `available_until` tinyint NOT NULL,
  `created_at` tinyint NOT NULL,
  `order` tinyint NOT NULL
) ENGINE=MyISAM */;
SET character_set_client = @saved_cs_client;

--
-- Temporary table structure for view `vw_available_tv_prizes`
--

DROP TABLE IF EXISTS `vw_available_tv_prizes`;
/*!50001 DROP VIEW IF EXISTS `vw_available_tv_prizes`*/;
SET @saved_cs_client     = @@character_set_client;
SET character_set_client = utf8;
/*!50001 CREATE TABLE `vw_available_tv_prizes` (
  `tv_id` tinyint NOT NULL,
  `reference` tinyint NOT NULL,
  `prize_id` tinyint NOT NULL,
  `prize_title` tinyint NOT NULL,
  `prize_terms` tinyint NOT NULL,
  `prize_image` tinyint NOT NULL,
  `prize_description` tinyint NOT NULL,
  `prize_has_promo_code` tinyint NOT NULL,
  `prize_quanty` tinyint NOT NULL
) ENGINE=MyISAM */;
SET character_set_client = @saved_cs_client;

--
-- Temporary table structure for view `vw_available_tv_prizes_serial_fix`
--

DROP TABLE IF EXISTS `vw_available_tv_prizes_serial_fix`;
/*!50001 DROP VIEW IF EXISTS `vw_available_tv_prizes_serial_fix`*/;
SET @saved_cs_client     = @@character_set_client;
SET character_set_client = utf8;
/*!50001 CREATE TABLE `vw_available_tv_prizes_serial_fix` (
  `tv_id` tinyint NOT NULL,
  `reference` tinyint NOT NULL,
  `prize_id` tinyint NOT NULL,
  `prize_title` tinyint NOT NULL,
  `prize_terms` tinyint NOT NULL,
  `prize_image` tinyint NOT NULL,
  `prize_description` tinyint NOT NULL,
  `prize_has_promo_code` tinyint NOT NULL,
  `prize_quanty` tinyint NOT NULL
) ENGINE=MyISAM */;
SET character_set_client = @saved_cs_client;

--
-- Temporary table structure for view `vw_cities_with_stores`
--

DROP TABLE IF EXISTS `vw_cities_with_stores`;
/*!50001 DROP VIEW IF EXISTS `vw_cities_with_stores`*/;
SET @saved_cs_client     = @@character_set_client;
SET character_set_client = utf8;
/*!50001 CREATE TABLE `vw_cities_with_stores` (
  `id` tinyint NOT NULL,
  `name` tinyint NOT NULL
) ENGINE=MyISAM */;
SET character_set_client = @saved_cs_client;

--
-- Temporary table structure for view `vw_prize_application_detail`
--

DROP TABLE IF EXISTS `vw_prize_application_detail`;
/*!50001 DROP VIEW IF EXISTS `vw_prize_application_detail`*/;
SET @saved_cs_client     = @@character_set_client;
SET character_set_client = utf8;
/*!50001 CREATE TABLE `vw_prize_application_detail` (
  `prize_application_id` tinyint NOT NULL,
  `prize_application_date` tinyint NOT NULL,
  `prize_status` tinyint NOT NULL,
  `request_date` tinyint NOT NULL,
  `user_id` tinyint NOT NULL,
  `email` tinyint NOT NULL,
  `name` tinyint NOT NULL,
  `lastname` tinyint NOT NULL,
  `nid` tinyint NOT NULL,
  `cellphone` tinyint NOT NULL,
  `nid_img_front` tinyint NOT NULL,
  `nid_img_back` tinyint NOT NULL,
  `tv_serial` tinyint NOT NULL,
  `tv_reference` tinyint NOT NULL,
  `tv_id` tinyint NOT NULL,
  `purchase_data_id` tinyint NOT NULL,
  `bill_number` tinyint NOT NULL,
  `bill_img` tinyint NOT NULL,
  `purchase_date` tinyint NOT NULL,
  `code_id` tinyint NOT NULL,
  `prize_id` tinyint NOT NULL,
  `prize_title` tinyint NOT NULL,
  `prize_image` tinyint NOT NULL,
  `prize_description` tinyint NOT NULL,
  `prize_has_promo_code` tinyint NOT NULL
) ENGINE=MyISAM */;
SET character_set_client = @saved_cs_client;

--
-- Temporary table structure for view `vw_prize_beneficts`
--

DROP TABLE IF EXISTS `vw_prize_beneficts`;
/*!50001 DROP VIEW IF EXISTS `vw_prize_beneficts`*/;
SET @saved_cs_client     = @@character_set_client;
SET character_set_client = utf8;
/*!50001 CREATE TABLE `vw_prize_beneficts` (
  `id` tinyint NOT NULL,
  `fk_tv_id` tinyint NOT NULL,
  `reference` tinyint NOT NULL,
  `title` tinyint NOT NULL,
  `image` tinyint NOT NULL,
  `description` tinyint NOT NULL,
  `created_at` tinyint NOT NULL,
  `quanty` tinyint NOT NULL,
  `terms` tinyint NOT NULL,
  `has_promo_code` tinyint NOT NULL,
  `beneficts` tinyint NOT NULL
) ENGINE=MyISAM */;
SET character_set_client = @saved_cs_client;

--
-- Temporary table structure for view `vw_prize_details_of_tv`
--

DROP TABLE IF EXISTS `vw_prize_details_of_tv`;
/*!50001 DROP VIEW IF EXISTS `vw_prize_details_of_tv`*/;
SET @saved_cs_client     = @@character_set_client;
SET character_set_client = utf8;
/*!50001 CREATE TABLE `vw_prize_details_of_tv` (
  `prize_detail_id` tinyint NOT NULL,
  `tv_id` tinyint NOT NULL,
  `tv_reference` tinyint NOT NULL,
  `prize_detail_title` tinyint NOT NULL,
  `prize_detail_reclame_description` tinyint NOT NULL,
  `prize_detail_image` tinyint NOT NULL,
  `prize_detail_has_list_of_codes` tinyint NOT NULL,
  `prize_available_from` tinyint NOT NULL,
  `prize_available_until` tinyint NOT NULL,
  `prize_date_availability` tinyint NOT NULL
) ENGINE=MyISAM */;
SET character_set_client = @saved_cs_client;

--
-- Temporary table structure for view `vw_prize_requests`
--

DROP TABLE IF EXISTS `vw_prize_requests`;
/*!50001 DROP VIEW IF EXISTS `vw_prize_requests`*/;
SET @saved_cs_client     = @@character_set_client;
SET character_set_client = utf8;
/*!50001 CREATE TABLE `vw_prize_requests` (
  `prize_application_id` tinyint NOT NULL,
  `request_date` tinyint NOT NULL,
  `status` tinyint NOT NULL,
  `purchase_data_id` tinyint NOT NULL,
  `bill_number` tinyint NOT NULL,
  `code_lg` tinyint NOT NULL,
  `promotional_code_txt` tinyint NOT NULL,
  `user_id` tinyint NOT NULL,
  `name` tinyint NOT NULL,
  `lastname` tinyint NOT NULL,
  `nid` tinyint NOT NULL,
  `email` tinyint NOT NULL,
  `prize_request_qty` tinyint NOT NULL,
  `tv_references` tinyint NOT NULL,
  `store_name` tinyint NOT NULL,
  `city_name` tinyint NOT NULL
) ENGINE=MyISAM */;
SET character_set_client = @saved_cs_client;

--
-- Temporary table structure for view `vw_purchase_data_prize_application`
--

DROP TABLE IF EXISTS `vw_purchase_data_prize_application`;
/*!50001 DROP VIEW IF EXISTS `vw_purchase_data_prize_application`*/;
SET @saved_cs_client     = @@character_set_client;
SET character_set_client = utf8;
/*!50001 CREATE TABLE `vw_purchase_data_prize_application` (
  `id` tinyint NOT NULL,
  `fk_user_id` tinyint NOT NULL,
  `fk_sells_point_id` tinyint NOT NULL,
  `fk_codes_id` tinyint NOT NULL,
  `purchase_date` tinyint NOT NULL,
  `bill_number` tinyint NOT NULL,
  `bill_img` tinyint NOT NULL,
  `created_at` tinyint NOT NULL,
  `promotional_code_txt` tinyint NOT NULL,
  `prize_application_id` tinyint NOT NULL,
  `prize_application_status` tinyint NOT NULL
) ENGINE=MyISAM */;
SET character_set_client = @saved_cs_client;

--
-- Temporary table structure for view `vw_sells_points`
--

DROP TABLE IF EXISTS `vw_sells_points`;
/*!50001 DROP VIEW IF EXISTS `vw_sells_points`*/;
SET @saved_cs_client     = @@character_set_client;
SET character_set_client = utf8;
/*!50001 CREATE TABLE `vw_sells_points` (
  `city_id` tinyint NOT NULL,
  `city` tinyint NOT NULL,
  `store_id` tinyint NOT NULL,
  `store` tinyint NOT NULL,
  `sellpoint_id` tinyint NOT NULL,
  `sellpoint_name` tinyint NOT NULL
) ENGINE=MyISAM */;
SET character_set_client = @saved_cs_client;

--
-- Temporary table structure for view `vw_user_associated_tvs_qty`
--

DROP TABLE IF EXISTS `vw_user_associated_tvs_qty`;
/*!50001 DROP VIEW IF EXISTS `vw_user_associated_tvs_qty`*/;
SET @saved_cs_client     = @@character_set_client;
SET character_set_client = utf8;
/*!50001 CREATE TABLE `vw_user_associated_tvs_qty` (
  `user_id` tinyint NOT NULL,
  `quanty` tinyint NOT NULL
) ENGINE=MyISAM */;
SET character_set_client = @saved_cs_client;

--
-- Dumping routines for database 'ganaconlg'
--

--
-- Final view structure for view `vw_available_home_slides`
--

/*!50001 DROP TABLE IF EXISTS `vw_available_home_slides`*/;
/*!50001 DROP VIEW IF EXISTS `vw_available_home_slides`*/;
/*!50001 SET @saved_cs_client          = @@character_set_client */;
/*!50001 SET @saved_cs_results         = @@character_set_results */;
/*!50001 SET @saved_col_connection     = @@collation_connection */;
/*!50001 SET character_set_client      = utf8 */;
/*!50001 SET character_set_results     = utf8 */;
/*!50001 SET collation_connection      = utf8_general_ci */;
/*!50001 CREATE ALGORITHM=UNDEFINED */
/*!50013 DEFINER=`ganaconlg`@`%` SQL SECURITY DEFINER */
/*!50001 VIEW `vw_available_home_slides` AS select `p`.`id` AS `id`,`p`.`title` AS `title`,`p`.`media` AS `media`,`p`.`link` AS `link`,`p`.`available_from` AS `available_from`,`p`.`available_until` AS `available_until`,`p`.`created_at` AS `created_at`,`p`.`order` AS `order` from `tbl_promo` `p` where ((`p`.`available_from` <= curdate()) and (`p`.`available_until` >= curdate())) order by `p`.`order` */;
/*!50001 SET character_set_client      = @saved_cs_client */;
/*!50001 SET character_set_results     = @saved_cs_results */;
/*!50001 SET collation_connection      = @saved_col_connection */;

--
-- Final view structure for view `vw_available_tv_prizes`
--

/*!50001 DROP TABLE IF EXISTS `vw_available_tv_prizes`*/;
/*!50001 DROP VIEW IF EXISTS `vw_available_tv_prizes`*/;
/*!50001 SET @saved_cs_client          = @@character_set_client */;
/*!50001 SET @saved_cs_results         = @@character_set_results */;
/*!50001 SET @saved_col_connection     = @@collation_connection */;
/*!50001 SET character_set_client      = utf8 */;
/*!50001 SET character_set_results     = utf8 */;
/*!50001 SET collation_connection      = utf8_general_ci */;
/*!50001 CREATE ALGORITHM=UNDEFINED */
/*!50013 DEFINER=`ganaconlg`@`%` SQL SECURITY DEFINER */
/*!50001 VIEW `vw_available_tv_prizes` AS select `t`.`id` AS `tv_id`,`t`.`reference` AS `reference`,`p`.`id` AS `prize_id`,`p`.`title` AS `prize_title`,`p`.`terms` AS `prize_terms`,`p`.`image` AS `prize_image`,`p`.`description` AS `prize_description`,`p`.`has_promo_code` AS `prize_has_promo_code`,`p`.`quanty` AS `prize_quanty` from (`tbl_prize` `p` join `tbl_tv` `t` on((`t`.`id` = `p`.`fk_tv_id`))) */;
/*!50001 SET character_set_client      = @saved_cs_client */;
/*!50001 SET character_set_results     = @saved_cs_results */;
/*!50001 SET collation_connection      = @saved_col_connection */;

--
-- Final view structure for view `vw_available_tv_prizes_serial_fix`
--

/*!50001 DROP TABLE IF EXISTS `vw_available_tv_prizes_serial_fix`*/;
/*!50001 DROP VIEW IF EXISTS `vw_available_tv_prizes_serial_fix`*/;
/*!50001 SET @saved_cs_client          = @@character_set_client */;
/*!50001 SET @saved_cs_results         = @@character_set_results */;
/*!50001 SET @saved_col_connection     = @@collation_connection */;
/*!50001 SET character_set_client      = utf8 */;
/*!50001 SET character_set_results     = utf8 */;
/*!50001 SET collation_connection      = utf8_general_ci */;
/*!50001 CREATE ALGORITHM=UNDEFINED */
/*!50013 DEFINER=`ganaconlg`@`%` SQL SECURITY DEFINER */
/*!50001 VIEW `vw_available_tv_prizes_serial_fix` AS select `atp`.`tv_id` AS `tv_id`,`atp`.`reference` AS `reference`,`atp`.`prize_id` AS `prize_id`,`atp`.`prize_title` AS `prize_title`,`atp`.`prize_terms` AS `prize_terms`,`atp`.`prize_image` AS `prize_image`,`atp`.`prize_description` AS `prize_description`,`atp`.`prize_has_promo_code` AS `prize_has_promo_code`,`atp`.`prize_quanty` AS `prize_quanty` from (((`vw_available_tv_prizes` `atp` left join `tbl_purchase_data_tv` `pdt` on((`pdt`.`fk_tv_id` = `atp`.`tv_id`))) left join `tbl_purchase_data` `pd` on((`pd`.`id` = `pdt`.`fk_purchase_data_id`))) left join `tbl_user` `u` on((`u`.`id` = `pd`.`fk_user_id`))) where ((`u`.`verified` <> 'si') or isnull(`pdt`.`id`)) */;
/*!50001 SET character_set_client      = @saved_cs_client */;
/*!50001 SET character_set_results     = @saved_cs_results */;
/*!50001 SET collation_connection      = @saved_col_connection */;

--
-- Final view structure for view `vw_cities_with_stores`
--

/*!50001 DROP TABLE IF EXISTS `vw_cities_with_stores`*/;
/*!50001 DROP VIEW IF EXISTS `vw_cities_with_stores`*/;
/*!50001 SET @saved_cs_client          = @@character_set_client */;
/*!50001 SET @saved_cs_results         = @@character_set_results */;
/*!50001 SET @saved_col_connection     = @@collation_connection */;
/*!50001 SET character_set_client      = utf8 */;
/*!50001 SET character_set_results     = utf8 */;
/*!50001 SET collation_connection      = utf8_general_ci */;
/*!50001 CREATE ALGORITHM=UNDEFINED */
/*!50013 DEFINER=`ganaconlg`@`%` SQL SECURITY DEFINER */
/*!50001 VIEW `vw_cities_with_stores` AS select `c`.`id` AS `id`,`c`.`name` AS `name` from (`tbl_city` `c` join `tbl_store` `s` on((`s`.`fk_city_id` = `c`.`id`))) group by `c`.`id` */;
/*!50001 SET character_set_client      = @saved_cs_client */;
/*!50001 SET character_set_results     = @saved_cs_results */;
/*!50001 SET collation_connection      = @saved_col_connection */;

--
-- Final view structure for view `vw_prize_application_detail`
--

/*!50001 DROP TABLE IF EXISTS `vw_prize_application_detail`*/;
/*!50001 DROP VIEW IF EXISTS `vw_prize_application_detail`*/;
/*!50001 SET @saved_cs_client          = @@character_set_client */;
/*!50001 SET @saved_cs_results         = @@character_set_results */;
/*!50001 SET @saved_col_connection     = @@collation_connection */;
/*!50001 SET character_set_client      = utf8 */;
/*!50001 SET character_set_results     = utf8 */;
/*!50001 SET collation_connection      = utf8_general_ci */;
/*!50001 CREATE ALGORITHM=UNDEFINED */
/*!50013 DEFINER=`ganaconlg`@`%` SQL SECURITY DEFINER */
/*!50001 VIEW `vw_prize_application_detail` AS select `pa`.`id` AS `prize_application_id`,`pa`.`created_at` AS `prize_application_date`,`pa`.`status` AS `prize_status`,`pa`.`created_at` AS `request_date`,`u`.`id` AS `user_id`,`u`.`email` AS `email`,`u`.`name` AS `name`,`u`.`lastname` AS `lastname`,`u`.`nid` AS `nid`,`u`.`cellphone` AS `cellphone`,`u`.`nid_img_front` AS `nid_img_front`,`u`.`nid_img_back` AS `nid_img_back`,`pdt`.`serial_tv` AS `tv_serial`,`t`.`reference` AS `tv_reference`,`t`.`id` AS `tv_id`,`pd`.`id` AS `purchase_data_id`,`pd`.`bill_number` AS `bill_number`,`pd`.`bill_img` AS `bill_img`,`pd`.`purchase_date` AS `purchase_date`,`pd`.`fk_codes_id` AS `code_id`,`p`.`id` AS `prize_id`,`p`.`title` AS `prize_title`,`p`.`image` AS `prize_image`,`p`.`description` AS `prize_description`,`p`.`has_promo_code` AS `prize_has_promo_code` from (((((`tbl_prize_application` `pa` join `tbl_purchase_data` `pd` on((`pd`.`id` = `pa`.`fk_purchase_data_id`))) join `tbl_user` `u` on((`u`.`id` = `pd`.`fk_user_id`))) join `tbl_purchase_data_tv` `pdt` on((`pdt`.`fk_purchase_data_id` = `pd`.`id`))) join `tbl_prize` `p` on((`p`.`fk_tv_id` = `pdt`.`fk_tv_id`))) join `tbl_tv` `t` on((`t`.`id` = `p`.`fk_tv_id`))) */;
/*!50001 SET character_set_client      = @saved_cs_client */;
/*!50001 SET character_set_results     = @saved_cs_results */;
/*!50001 SET collation_connection      = @saved_col_connection */;

--
-- Final view structure for view `vw_prize_beneficts`
--

/*!50001 DROP TABLE IF EXISTS `vw_prize_beneficts`*/;
/*!50001 DROP VIEW IF EXISTS `vw_prize_beneficts`*/;
/*!50001 SET @saved_cs_client          = @@character_set_client */;
/*!50001 SET @saved_cs_results         = @@character_set_results */;
/*!50001 SET @saved_col_connection     = @@collation_connection */;
/*!50001 SET character_set_client      = utf8 */;
/*!50001 SET character_set_results     = utf8 */;
/*!50001 SET collation_connection      = utf8_general_ci */;
/*!50001 CREATE ALGORITHM=UNDEFINED */
/*!50013 DEFINER=`ganaconlg`@`%` SQL SECURITY DEFINER */
/*!50001 VIEW `vw_prize_beneficts` AS select `p`.`id` AS `id`,`p`.`fk_tv_id` AS `fk_tv_id`,`t`.`reference` AS `reference`,`p`.`title` AS `title`,`p`.`image` AS `image`,`p`.`description` AS `description`,`p`.`created_at` AS `created_at`,`p`.`quanty` AS `quanty`,`p`.`terms` AS `terms`,`p`.`has_promo_code` AS `has_promo_code`,group_concat(`pd`.`title` separator ', ') AS `beneficts` from (((`tbl_prize` `p` join `tbl_prize_elements` `pe` on((`pe`.`fk_prize_id` = `p`.`id`))) join `tbl_prize_detail` `pd` on((`pd`.`id` = `pe`.`fk_prize_detail_id`))) join `tbl_tv` `t` on((`p`.`fk_tv_id` = `t`.`id`))) group by `p`.`id` */;
/*!50001 SET character_set_client      = @saved_cs_client */;
/*!50001 SET character_set_results     = @saved_cs_results */;
/*!50001 SET collation_connection      = @saved_col_connection */;

--
-- Final view structure for view `vw_prize_details_of_tv`
--

/*!50001 DROP TABLE IF EXISTS `vw_prize_details_of_tv`*/;
/*!50001 DROP VIEW IF EXISTS `vw_prize_details_of_tv`*/;
/*!50001 SET @saved_cs_client          = @@character_set_client */;
/*!50001 SET @saved_cs_results         = @@character_set_results */;
/*!50001 SET @saved_col_connection     = @@collation_connection */;
/*!50001 SET character_set_client      = utf8 */;
/*!50001 SET character_set_results     = utf8 */;
/*!50001 SET collation_connection      = utf8_general_ci */;
/*!50001 CREATE ALGORITHM=UNDEFINED */
/*!50013 DEFINER=`ganaconlg`@`%` SQL SECURITY DEFINER */
/*!50001 VIEW `vw_prize_details_of_tv` AS select `pd`.`id` AS `prize_detail_id`,`p`.`fk_tv_id` AS `tv_id`,`t`.`reference` AS `tv_reference`,`pd`.`title` AS `prize_detail_title`,`pd`.`reclaim_description` AS `prize_detail_reclame_description`,`pd`.`image` AS `prize_detail_image`,`pd`.`has_list_of_codes` AS `prize_detail_has_list_of_codes`,`pd`.`available_from` AS `prize_available_from`,`pd`.`available_until` AS `prize_available_until`,((`pd`.`available_from` <= curdate()) and (`pd`.`available_until` >= curdate())) AS `prize_date_availability` from (((`tbl_prize` `p` join `tbl_prize_elements` `pe` on((`p`.`id` = `pe`.`fk_prize_id`))) join `tbl_prize_detail` `pd` on((`pd`.`id` = `pe`.`fk_prize_detail_id`))) join `tbl_tv` `t` on((`t`.`id` = `p`.`fk_tv_id`))) */;
/*!50001 SET character_set_client      = @saved_cs_client */;
/*!50001 SET character_set_results     = @saved_cs_results */;
/*!50001 SET collation_connection      = @saved_col_connection */;

--
-- Final view structure for view `vw_prize_requests`
--

/*!50001 DROP TABLE IF EXISTS `vw_prize_requests`*/;
/*!50001 DROP VIEW IF EXISTS `vw_prize_requests`*/;
/*!50001 SET @saved_cs_client          = @@character_set_client */;
/*!50001 SET @saved_cs_results         = @@character_set_results */;
/*!50001 SET @saved_col_connection     = @@collation_connection */;
/*!50001 SET character_set_client      = utf8 */;
/*!50001 SET character_set_results     = utf8 */;
/*!50001 SET collation_connection      = utf8_general_ci */;
/*!50001 CREATE ALGORITHM=UNDEFINED */
/*!50013 DEFINER=`ganaconlg`@`%` SQL SECURITY DEFINER */
/*!50001 VIEW `vw_prize_requests` AS select `pa`.`id` AS `prize_application_id`,`pa`.`created_at` AS `request_date`,`pa`.`status` AS `status`,`pd`.`id` AS `purchase_data_id`,`pd`.`bill_number` AS `bill_number`,`pd`.`code_txt` AS `code_lg`,`pd`.`promotional_code_txt` AS `promotional_code_txt`,`u`.`id` AS `user_id`,`u`.`name` AS `name`,`u`.`lastname` AS `lastname`,`u`.`nid` AS `nid`,`u`.`email` AS `email`,count(`pdt`.`id`) AS `prize_request_qty`,group_concat(`t`.`reference` separator ', ') AS `tv_references`,`s`.`name` AS `store_name`,`c`.`name` AS `city_name` from (((((((`tbl_prize_application` `pa` join `tbl_purchase_data` `pd` on((`pd`.`id` = `pa`.`fk_purchase_data_id`))) join `tbl_user` `u` on((`u`.`id` = `pd`.`fk_user_id`))) join `tbl_purchase_data_tv` `pdt` on((`pdt`.`fk_purchase_data_id` = `pd`.`id`))) join `tbl_sells_point` `sp` on((`sp`.`id` = `pd`.`fk_sells_point_id`))) join `tbl_store` `s` on((`s`.`id` = `sp`.`fk_store_id`))) join `tbl_city` `c` on((`c`.`id` = `s`.`fk_city_id`))) join `tbl_tv` `t` on((`t`.`id` = `pdt`.`fk_tv_id`))) group by `pd`.`id` */;
/*!50001 SET character_set_client      = @saved_cs_client */;
/*!50001 SET character_set_results     = @saved_cs_results */;
/*!50001 SET collation_connection      = @saved_col_connection */;

--
-- Final view structure for view `vw_purchase_data_prize_application`
--

/*!50001 DROP TABLE IF EXISTS `vw_purchase_data_prize_application`*/;
/*!50001 DROP VIEW IF EXISTS `vw_purchase_data_prize_application`*/;
/*!50001 SET @saved_cs_client          = @@character_set_client */;
/*!50001 SET @saved_cs_results         = @@character_set_results */;
/*!50001 SET @saved_col_connection     = @@collation_connection */;
/*!50001 SET character_set_client      = utf8 */;
/*!50001 SET character_set_results     = utf8 */;
/*!50001 SET collation_connection      = utf8_general_ci */;
/*!50001 CREATE ALGORITHM=UNDEFINED */
/*!50013 DEFINER=`ganaconlg`@`%` SQL SECURITY DEFINER */
/*!50001 VIEW `vw_purchase_data_prize_application` AS select `pd`.`id` AS `id`,`pd`.`fk_user_id` AS `fk_user_id`,`pd`.`fk_sells_point_id` AS `fk_sells_point_id`,`pd`.`fk_codes_id` AS `fk_codes_id`,`pd`.`purchase_date` AS `purchase_date`,`pd`.`bill_number` AS `bill_number`,`pd`.`bill_img` AS `bill_img`,`pd`.`created_at` AS `created_at`,`pd`.`promotional_code_txt` AS `promotional_code_txt`,`pa`.`id` AS `prize_application_id`,`pa`.`status` AS `prize_application_status` from (`tbl_purchase_data` `pd` join `tbl_prize_application` `pa` on((`pa`.`fk_purchase_data_id` = `pd`.`id`))) */;
/*!50001 SET character_set_client      = @saved_cs_client */;
/*!50001 SET character_set_results     = @saved_cs_results */;
/*!50001 SET collation_connection      = @saved_col_connection */;

--
-- Final view structure for view `vw_sells_points`
--

/*!50001 DROP TABLE IF EXISTS `vw_sells_points`*/;
/*!50001 DROP VIEW IF EXISTS `vw_sells_points`*/;
/*!50001 SET @saved_cs_client          = @@character_set_client */;
/*!50001 SET @saved_cs_results         = @@character_set_results */;
/*!50001 SET @saved_col_connection     = @@collation_connection */;
/*!50001 SET character_set_client      = utf8 */;
/*!50001 SET character_set_results     = utf8 */;
/*!50001 SET collation_connection      = utf8_general_ci */;
/*!50001 CREATE ALGORITHM=UNDEFINED */
/*!50013 DEFINER=`ganaconlg`@`%` SQL SECURITY DEFINER */
/*!50001 VIEW `vw_sells_points` AS select `c`.`id` AS `city_id`,`c`.`name` AS `city`,`ts`.`id` AS `store_id`,`ts`.`name` AS `store`,`sp`.`id` AS `sellpoint_id`,`sp`.`name` AS `sellpoint_name` from ((`tbl_sells_point` `sp` join `tbl_store` `ts` on((`ts`.`id` = `sp`.`fk_store_id`))) join `tbl_city` `c` on((`c`.`id` = `ts`.`fk_city_id`))) */;
/*!50001 SET character_set_client      = @saved_cs_client */;
/*!50001 SET character_set_results     = @saved_cs_results */;
/*!50001 SET collation_connection      = @saved_col_connection */;

--
-- Final view structure for view `vw_user_associated_tvs_qty`
--

/*!50001 DROP TABLE IF EXISTS `vw_user_associated_tvs_qty`*/;
/*!50001 DROP VIEW IF EXISTS `vw_user_associated_tvs_qty`*/;
/*!50001 SET @saved_cs_client          = @@character_set_client */;
/*!50001 SET @saved_cs_results         = @@character_set_results */;
/*!50001 SET @saved_col_connection     = @@collation_connection */;
/*!50001 SET character_set_client      = utf8 */;
/*!50001 SET character_set_results     = utf8 */;
/*!50001 SET collation_connection      = utf8_general_ci */;
/*!50001 CREATE ALGORITHM=UNDEFINED */
/*!50013 DEFINER=`ganaconlg`@`%` SQL SECURITY DEFINER */
/*!50001 VIEW `vw_user_associated_tvs_qty` AS select `u`.`id` AS `user_id`,count(`pdt`.`id`) AS `quanty` from ((`tbl_user` `u` left join `tbl_purchase_data` `pd` on((`u`.`id` = `pd`.`fk_user_id`))) left join `tbl_purchase_data_tv` `pdt` on((`pdt`.`fk_purchase_data_id` = `pd`.`id`))) group by `u`.`id` */;
/*!50001 SET character_set_client      = @saved_cs_client */;
/*!50001 SET character_set_results     = @saved_cs_results */;
/*!50001 SET collation_connection      = @saved_col_connection */;
/*!40103 SET TIME_ZONE=@OLD_TIME_ZONE */;

/*!40101 SET SQL_MODE=@OLD_SQL_MODE */;
/*!40014 SET FOREIGN_KEY_CHECKS=@OLD_FOREIGN_KEY_CHECKS */;
/*!40014 SET UNIQUE_CHECKS=@OLD_UNIQUE_CHECKS */;
/*!40101 SET CHARACTER_SET_CLIENT=@OLD_CHARACTER_SET_CLIENT */;
/*!40101 SET CHARACTER_SET_RESULTS=@OLD_CHARACTER_SET_RESULTS */;
/*!40101 SET COLLATION_CONNECTION=@OLD_COLLATION_CONNECTION */;
/*!40111 SET SQL_NOTES=@OLD_SQL_NOTES */;

-- Dump completed on 2014-11-20  9:38:05
